feedback_id,true_theme,true_polarity
FB-00001,dark_mode,neutral
FB-00002,dark_mode,neutral
FB-00003,sso_saml,neutral
FB-00004,slack_integration,neutral
FB-00005,slack_integration,neutral
FB-00006,notifications,negative
FB-00007,notifications,negative
FB-00008,notifications,negative
FB-00009,onboarding,negative
FB-00010,onboarding,negative
FB-00011,onboarding,negative
FB-00012,calendar_sync,negative
FB-00013,mobile_performance,negative
FB-00014,mobile_performance,negative
FB-00015,mobile_performance,negative
FB-00016,dark_mode,neutral
FB-00017,dark_mode,neutral
FB-00018,dark_mode,neutral
FB-00019,dark_mode,neutral
FB-00020,sso_saml,neutral
FB-00021,sso_saml,neutral
FB-00022,slack_integration,neutral
FB-00023,notifications,negative
FB-00024,export_reporting,neutral
FB-00025,praise,positive
FB-00026,calendar_sync,negative
FB-00027,mobile_performance,negative
FB-00028,dark_mode,neutral
FB-00029,dark_mode,neutral
FB-00030,sso_saml,neutral
FB-00031,pricing,negative
FB-00032,pricing,negative
FB-00033,pricing,negative
FB-00034,notifications,negative
FB-00035,export_reporting,neutral
FB-00036,export_reporting,neutral
FB-00037,export_reporting,neutral
FB-00038,onboarding,negative
FB-00039,onboarding,negative
FB-00040,onboarding,negative
FB-00041,onboarding,negative
FB-00042,praise,positive
FB-00043,praise,positive
FB-00044,calendar_sync,negative
FB-00045,calendar_sync,negative
FB-00046,calendar_sync,negative
FB-00047,mobile_performance,negative
FB-00048,dark_mode,neutral
FB-00049,dark_mode,neutral
FB-00050,timezone,negative
FB-00051,onboarding,negative
FB-00052,onboarding,negative
FB-00053,praise,positive
FB-00054,mobile_performance,negative
FB-00055,dark_mode,neutral
FB-00056,pricing,negative
FB-00057,timezone,negative
FB-00058,slack_integration,neutral
FB-00059,export_reporting,neutral
FB-00060,onboarding,negative
FB-00061,recurring_events,negative
FB-00062,calendar_sync,negative
FB-00063,mobile_performance,negative
FB-00064,timezone,negative
FB-00065,timezone,negative
FB-00066,slack_integration,neutral
FB-00067,praise,positive
FB-00068,calendar_sync,negative
FB-00069,mobile_performance,negative
FB-00070,pricing,negative
FB-00071,export_reporting,neutral
FB-00072,export_reporting,neutral
FB-00073,onboarding,negative
FB-00074,praise,positive
FB-00075,mobile_performance,negative
FB-00076,mobile_performance,negative
FB-00077,mobile_performance,negative
FB-00078,mobile_performance,negative
FB-00079,mobile_performance,negative
FB-00080,dark_mode,neutral
FB-00081,pricing,negative
FB-00082,timezone,negative
FB-00083,timezone,negative
FB-00084,timezone,negative
FB-00085,slack_integration,neutral
FB-00086,export_reporting,neutral
FB-00087,praise,positive
FB-00088,praise,positive
FB-00089,praise,positive
FB-00090,praise,positive
FB-00091,calendar_sync,negative
FB-00092,mobile_performance,negative
FB-00093,mobile_performance,negative
FB-00094,mobile_performance,negative
FB-00095,dark_mode,neutral
FB-00096,sso_saml,neutral
FB-00097,onboarding,negative
FB-00098,onboarding,negative
FB-00099,onboarding,negative
FB-00100,recurring_events,negative
FB-00101,recurring_events,negative
FB-00102,praise,positive
FB-00103,praise,positive
FB-00104,praise,positive
FB-00105,calendar_sync,negative
FB-00106,mobile_performance,negative
FB-00107,mobile_performance,negative
FB-00108,mobile_performance,negative
FB-00109,dark_mode,neutral
FB-00110,dark_mode,neutral
FB-00111,sso_saml,neutral
FB-00112,pricing,negative
FB-00113,timezone,negative
FB-00114,timezone,negative
FB-00115,timezone,negative
FB-00116,timezone,negative
FB-00117,timezone,negative
FB-00118,slack_integration,neutral
FB-00119,slack_integration,neutral
FB-00120,export_reporting,neutral
FB-00121,onboarding,negative
FB-00122,praise,positive
FB-00123,praise,positive
FB-00124,praise,positive
FB-00125,mobile_performance,negative
FB-00126,mobile_performance,negative
FB-00127,mobile_performance,negative
FB-00128,mobile_performance,negative
FB-00129,mobile_performance,negative
FB-00130,dark_mode,neutral
FB-00131,dark_mode,neutral
FB-00132,dark_mode,neutral
FB-00133,dark_mode,neutral
FB-00134,dark_mode,neutral
FB-00135,dark_mode,neutral
FB-00136,timezone,negative
FB-00137,slack_integration,neutral
FB-00138,slack_integration,neutral
FB-00139,export_reporting,neutral
FB-00140,export_reporting,neutral
FB-00141,onboarding,negative
FB-00142,onboarding,negative
FB-00143,praise,positive
FB-00144,praise,positive
FB-00145,praise,positive
FB-00146,praise,positive
FB-00147,calendar_sync,negative
FB-00148,dark_mode,neutral
FB-00149,slack_integration,neutral
FB-00150,slack_integration,neutral
FB-00151,slack_integration,neutral
FB-00152,slack_integration,neutral
FB-00153,notifications,negative
FB-00154,notifications,negative
FB-00155,export_reporting,neutral
FB-00156,onboarding,negative
FB-00157,onboarding,negative
FB-00158,onboarding,negative
FB-00159,praise,positive
FB-00160,praise,positive
FB-00161,calendar_sync,negative
FB-00162,mobile_performance,negative
FB-00163,dark_mode,neutral
FB-00164,dark_mode,neutral
FB-00165,dark_mode,neutral
FB-00166,sso_saml,neutral
FB-00167,timezone,negative
FB-00168,timezone,negative
FB-00169,export_reporting,neutral
FB-00170,onboarding,negative
FB-00171,onboarding,negative
FB-00172,calendar_sync,negative
FB-00173,mobile_performance,negative
FB-00174,mobile_performance,negative
FB-00175,dark_mode,neutral
FB-00176,dark_mode,neutral
FB-00177,dark_mode,neutral
FB-00178,pricing,negative
FB-00179,timezone,negative
FB-00180,timezone,negative
FB-00181,slack_integration,neutral
FB-00182,notifications,negative
FB-00183,export_reporting,neutral
FB-00184,export_reporting,neutral
FB-00185,onboarding,negative
FB-00186,praise,positive
FB-00187,praise,positive
FB-00188,praise,positive
FB-00189,praise,positive
FB-00190,calendar_sync,negative
FB-00191,calendar_sync,negative
FB-00192,mobile_performance,negative
FB-00193,mobile_performance,negative
FB-00194,mobile_performance,negative
FB-00195,mobile_performance,negative
FB-00196,dark_mode,neutral
FB-00197,dark_mode,neutral
FB-00198,dark_mode,neutral
FB-00199,dark_mode,neutral
FB-00200,dark_mode,neutral
FB-00201,dark_mode,neutral
FB-00202,pricing,negative
FB-00203,pricing,negative
FB-00204,timezone,negative
FB-00205,slack_integration,neutral
FB-00206,slack_integration,neutral
FB-00207,slack_integration,neutral
FB-00208,slack_integration,neutral
FB-00209,slack_integration,neutral
FB-00210,notifications,negative
FB-00211,notifications,negative
FB-00212,export_reporting,neutral
FB-00213,onboarding,negative
FB-00214,onboarding,negative
FB-00215,onboarding,negative
FB-00216,recurring_events,negative
FB-00217,praise,positive
FB-00218,praise,positive
FB-00219,mobile_performance,negative
FB-00220,mobile_performance,negative
FB-00221,mobile_performance,negative
FB-00222,dark_mode,neutral
FB-00223,dark_mode,neutral
FB-00224,dark_mode,neutral
FB-00225,dark_mode,neutral
FB-00226,dark_mode,neutral
FB-00227,sso_saml,neutral
FB-00228,pricing,negative
FB-00229,slack_integration,neutral
FB-00230,slack_integration,neutral
FB-00231,notifications,negative
FB-00232,notifications,negative
FB-00233,notifications,negative
FB-00234,notifications,negative
FB-00235,export_reporting,neutral
FB-00236,onboarding,negative
FB-00237,praise,positive
FB-00238,praise,positive
FB-00239,praise,positive
FB-00240,praise,positive
FB-00241,mobile_performance,negative
FB-00242,dark_mode,neutral
FB-00243,dark_mode,neutral
FB-00244,dark_mode,neutral
FB-00245,sso_saml,neutral
FB-00246,pricing,negative
FB-00247,pricing,negative
FB-00248,slack_integration,neutral
FB-00249,notifications,negative
FB-00250,export_reporting,neutral
FB-00251,export_reporting,neutral
FB-00252,onboarding,negative
FB-00253,onboarding,negative
FB-00254,praise,positive
FB-00255,praise,positive
FB-00256,praise,positive
FB-00257,mobile_performance,negative
FB-00258,mobile_performance,negative
FB-00259,dark_mode,neutral
FB-00260,dark_mode,neutral
FB-00261,dark_mode,neutral
FB-00262,dark_mode,neutral
FB-00263,pricing,negative
FB-00264,slack_integration,neutral
FB-00265,slack_integration,neutral
FB-00266,slack_integration,neutral
FB-00267,notifications,negative
FB-00268,onboarding,negative
FB-00269,onboarding,negative
FB-00270,onboarding,negative
FB-00271,onboarding,negative
FB-00272,recurring_events,negative
FB-00273,recurring_events,negative
FB-00274,praise,positive
FB-00275,mobile_performance,negative
FB-00276,mobile_performance,negative
FB-00277,mobile_performance,negative
FB-00278,mobile_performance,negative
FB-00279,dark_mode,neutral
FB-00280,dark_mode,neutral
FB-00281,sso_saml,neutral
FB-00282,pricing,negative
FB-00283,slack_integration,neutral
FB-00284,slack_integration,neutral
FB-00285,onboarding,negative
FB-00286,onboarding,negative
FB-00287,recurring_events,negative
FB-00288,praise,positive
FB-00289,praise,positive
FB-00290,praise,positive
FB-00291,praise,positive
FB-00292,mobile_performance,negative
FB-00293,dark_mode,neutral
FB-00294,dark_mode,neutral
FB-00295,dark_mode,neutral
FB-00296,sso_saml,neutral
FB-00297,slack_integration,neutral
FB-00298,export_reporting,neutral
FB-00299,praise,positive
FB-00300,mobile_performance,negative
FB-00301,dark_mode,neutral
FB-00302,sso_saml,neutral
FB-00303,sso_saml,neutral
FB-00304,timezone,negative
FB-00305,slack_integration,neutral
FB-00306,slack_integration,neutral
FB-00307,onboarding,negative
FB-00308,praise,positive
FB-00309,calendar_sync,negative
FB-00310,mobile_performance,negative
FB-00311,dark_mode,neutral
FB-00312,sso_saml,neutral
FB-00313,pricing,negative
FB-00314,timezone,negative
FB-00315,slack_integration,neutral
FB-00316,slack_integration,neutral
FB-00317,notifications,negative
FB-00318,onboarding,negative
FB-00319,praise,positive
FB-00320,mobile_performance,negative
FB-00321,dark_mode,neutral
FB-00322,dark_mode,neutral
FB-00323,sso_saml,neutral
FB-00324,sso_saml,neutral
FB-00325,timezone,negative
FB-00326,timezone,negative
FB-00327,slack_integration,neutral
FB-00328,slack_integration,neutral
FB-00329,slack_integration,neutral
FB-00330,notifications,negative
FB-00331,export_reporting,neutral
FB-00332,export_reporting,neutral
FB-00333,onboarding,negative
FB-00334,onboarding,negative
FB-00335,calendar_sync,negative
FB-00336,calendar_sync,negative
FB-00337,calendar_sync,negative
FB-00338,mobile_performance,negative
FB-00339,mobile_performance,negative
FB-00340,dark_mode,neutral
FB-00341,dark_mode,neutral
FB-00342,dark_mode,neutral
FB-00343,dark_mode,neutral
FB-00344,dark_mode,neutral
FB-00345,pricing,negative
FB-00346,slack_integration,neutral
FB-00347,notifications,negative
FB-00348,export_reporting,neutral
FB-00349,onboarding,negative
FB-00350,onboarding,negative
FB-00351,praise,positive
FB-00352,calendar_sync,negative
FB-00353,calendar_sync,negative
FB-00354,mobile_performance,negative
FB-00355,mobile_performance,negative
FB-00356,mobile_performance,negative
FB-00357,mobile_performance,negative
FB-00358,dark_mode,neutral
FB-00359,dark_mode,neutral
FB-00360,dark_mode,neutral
FB-00361,dark_mode,neutral
FB-00362,pricing,negative
FB-00363,pricing,negative
FB-00364,timezone,negative
FB-00365,timezone,negative
FB-00366,slack_integration,neutral
FB-00367,slack_integration,neutral
FB-00368,notifications,negative
FB-00369,notifications,negative
FB-00370,notifications,negative
FB-00371,export_reporting,neutral
FB-00372,export_reporting,neutral
FB-00373,calendar_sync,negative
FB-00374,dark_mode,neutral
FB-00375,dark_mode,neutral
FB-00376,dark_mode,neutral
FB-00377,sso_saml,neutral
FB-00378,pricing,negative
FB-00379,pricing,negative
FB-00380,pricing,negative
FB-00381,pricing,negative
FB-00382,timezone,negative
FB-00383,timezone,negative
FB-00384,slack_integration,neutral
FB-00385,slack_integration,neutral
FB-00386,slack_integration,neutral
FB-00387,slack_integration,neutral
FB-00388,notifications,negative
FB-00389,notifications,negative
FB-00390,notifications,negative
FB-00391,notifications,negative
FB-00392,notifications,negative
FB-00393,export_reporting,neutral
FB-00394,export_reporting,neutral
FB-00395,export_reporting,neutral
FB-00396,export_reporting,neutral
FB-00397,onboarding,negative
FB-00398,onboarding,negative
FB-00399,onboarding,negative
FB-00400,praise,positive
FB-00401,praise,positive
FB-00402,mobile_performance,negative
FB-00403,pricing,negative
FB-00404,slack_integration,neutral
FB-00405,onboarding,negative
FB-00406,onboarding,negative
FB-00407,onboarding,negative
FB-00408,recurring_events,negative
FB-00409,praise,positive
FB-00410,praise,positive
FB-00411,calendar_sync,negative
FB-00412,mobile_performance,negative
FB-00413,mobile_performance,negative
FB-00414,mobile_performance,negative
FB-00415,mobile_performance,negative
FB-00416,mobile_performance,negative
FB-00417,dark_mode,neutral
FB-00418,dark_mode,neutral
FB-00419,dark_mode,neutral
FB-00420,dark_mode,neutral
FB-00421,timezone,negative
FB-00422,timezone,negative
FB-00423,notifications,negative
FB-00424,export_reporting,neutral
FB-00425,onboarding,negative
FB-00426,onboarding,negative
FB-00427,praise,positive
FB-00428,calendar_sync,negative
FB-00429,mobile_performance,negative
FB-00430,mobile_performance,negative
FB-00431,mobile_performance,negative
FB-00432,dark_mode,neutral
FB-00433,dark_mode,neutral
FB-00434,dark_mode,neutral
FB-00435,dark_mode,neutral
FB-00436,dark_mode,neutral
FB-00437,timezone,negative
FB-00438,notifications,negative
FB-00439,export_reporting,neutral
FB-00440,export_reporting,neutral
FB-00441,onboarding,negative
FB-00442,onboarding,negative
FB-00443,onboarding,negative
FB-00444,praise,positive
FB-00445,praise,positive
FB-00446,mobile_performance,negative
FB-00447,mobile_performance,negative
FB-00448,mobile_performance,negative
FB-00449,dark_mode,neutral
FB-00450,dark_mode,neutral
FB-00451,dark_mode,neutral
FB-00452,sso_saml,neutral
FB-00453,pricing,negative
FB-00454,pricing,negative
FB-00455,slack_integration,neutral
FB-00456,slack_integration,neutral
FB-00457,slack_integration,neutral
FB-00458,notifications,negative
FB-00459,export_reporting,neutral
FB-00460,export_reporting,neutral
FB-00461,onboarding,negative
FB-00462,onboarding,negative
FB-00463,onboarding,negative
FB-00464,onboarding,negative
FB-00465,recurring_events,negative
FB-00466,calendar_sync,negative
FB-00467,mobile_performance,negative
FB-00468,mobile_performance,negative
FB-00469,mobile_performance,negative
FB-00470,sso_saml,neutral
FB-00471,pricing,negative
FB-00472,pricing,negative
FB-00473,pricing,negative
FB-00474,timezone,negative
FB-00475,timezone,negative
FB-00476,export_reporting,neutral
FB-00477,export_reporting,neutral
FB-00478,onboarding,negative
FB-00479,recurring_events,negative
FB-00480,recurring_events,negative
FB-00481,praise,positive
FB-00482,mobile_performance,negative
FB-00483,mobile_performance,negative
FB-00484,mobile_performance,negative
FB-00485,mobile_performance,negative
FB-00486,dark_mode,neutral
FB-00487,dark_mode,neutral
FB-00488,dark_mode,neutral
FB-00489,dark_mode,neutral
FB-00490,dark_mode,neutral
FB-00491,dark_mode,neutral
FB-00492,timezone,negative
FB-00493,timezone,negative
FB-00494,timezone,negative
FB-00495,slack_integration,neutral
FB-00496,notifications,negative
FB-00497,export_reporting,neutral
FB-00498,export_reporting,neutral
FB-00499,export_reporting,neutral
FB-00500,onboarding,negative
FB-00501,praise,positive
FB-00502,calendar_sync,negative
FB-00503,calendar_sync,negative
FB-00504,calendar_sync,negative
FB-00505,mobile_performance,negative
FB-00506,mobile_performance,negative
FB-00507,mobile_performance,negative
FB-00508,mobile_performance,negative
FB-00509,dark_mode,neutral
FB-00510,dark_mode,neutral
FB-00511,dark_mode,neutral
FB-00512,dark_mode,neutral
FB-00513,pricing,negative
FB-00514,pricing,negative
FB-00515,pricing,negative
FB-00516,timezone,negative
FB-00517,timezone,negative
FB-00518,timezone,negative
FB-00519,slack_integration,neutral
FB-00520,notifications,negative
FB-00521,notifications,negative
FB-00522,export_reporting,neutral
FB-00523,export_reporting,neutral
FB-00524,export_reporting,neutral
FB-00525,export_reporting,neutral
FB-00526,praise,positive
FB-00527,praise,positive
FB-00528,praise,positive
FB-00529,dark_mode,neutral
FB-00530,dark_mode,neutral
FB-00531,dark_mode,neutral
FB-00532,slack_integration,neutral
FB-00533,onboarding,negative
FB-00534,onboarding,negative
FB-00535,recurring_events,negative
FB-00536,praise,positive
FB-00537,mobile_performance,negative
FB-00538,dark_mode,neutral
FB-00539,dark_mode,neutral
FB-00540,dark_mode,neutral
FB-00541,dark_mode,neutral
FB-00542,pricing,negative
FB-00543,pricing,negative
FB-00544,timezone,negative
FB-00545,slack_integration,neutral
FB-00546,onboarding,negative
FB-00547,praise,positive
FB-00548,praise,positive
FB-00549,mobile_performance,negative
FB-00550,mobile_performance,negative
FB-00551,dark_mode,neutral
FB-00552,dark_mode,neutral
FB-00553,dark_mode,neutral
FB-00554,dark_mode,neutral
FB-00555,dark_mode,neutral
FB-00556,dark_mode,neutral
FB-00557,dark_mode,neutral
FB-00558,dark_mode,neutral
FB-00559,sso_saml,neutral
FB-00560,pricing,negative
FB-00561,timezone,negative
FB-00562,timezone,negative
FB-00563,timezone,negative
FB-00564,slack_integration,neutral
FB-00565,slack_integration,neutral
FB-00566,slack_integration,neutral
FB-00567,slack_integration,neutral
FB-00568,notifications,negative
FB-00569,notifications,negative
FB-00570,export_reporting,neutral
FB-00571,export_reporting,neutral
FB-00572,calendar_sync,negative
FB-00573,calendar_sync,negative
FB-00574,mobile_performance,negative
FB-00575,mobile_performance,negative
FB-00576,mobile_performance,negative
FB-00577,dark_mode,neutral
FB-00578,dark_mode,neutral
FB-00579,sso_saml,neutral
FB-00580,sso_saml,neutral
FB-00581,slack_integration,neutral
FB-00582,slack_integration,neutral
FB-00583,slack_integration,neutral
FB-00584,notifications,negative
FB-00585,export_reporting,neutral
FB-00586,export_reporting,neutral
FB-00587,onboarding,negative
FB-00588,onboarding,negative
FB-00589,onboarding,negative
FB-00590,onboarding,negative
FB-00591,recurring_events,negative
FB-00592,recurring_events,negative
FB-00593,mobile_performance,negative
FB-00594,mobile_performance,negative
FB-00595,dark_mode,neutral
FB-00596,dark_mode,neutral
FB-00597,timezone,negative
FB-00598,timezone,negative
FB-00599,slack_integration,neutral
FB-00600,notifications,negative
FB-00601,notifications,negative
FB-00602,export_reporting,neutral
FB-00603,onboarding,negative
FB-00604,onboarding,negative
FB-00605,onboarding,negative
FB-00606,praise,positive
FB-00607,calendar_sync,negative
FB-00608,calendar_sync,negative
FB-00609,mobile_performance,negative
FB-00610,mobile_performance,negative
FB-00611,mobile_performance,negative
FB-00612,dark_mode,neutral
FB-00613,dark_mode,neutral
FB-00614,dark_mode,neutral
FB-00615,dark_mode,neutral
FB-00616,dark_mode,neutral
FB-00617,pricing,negative
FB-00618,pricing,negative
FB-00619,pricing,negative
FB-00620,slack_integration,neutral
FB-00621,slack_integration,neutral
FB-00622,slack_integration,neutral
FB-00623,notifications,negative
FB-00624,onboarding,negative
FB-00625,onboarding,negative
FB-00626,onboarding,negative
FB-00627,onboarding,negative
FB-00628,praise,positive
FB-00629,praise,positive
FB-00630,calendar_sync,negative
FB-00631,mobile_performance,negative
FB-00632,mobile_performance,negative
FB-00633,mobile_performance,negative
FB-00634,dark_mode,neutral
FB-00635,dark_mode,neutral
FB-00636,sso_saml,neutral
FB-00637,pricing,negative
FB-00638,pricing,negative
FB-00639,pricing,negative
FB-00640,timezone,negative
FB-00641,slack_integration,neutral
FB-00642,slack_integration,neutral
FB-00643,export_reporting,neutral
FB-00644,onboarding,negative
FB-00645,praise,positive
FB-00646,calendar_sync,negative
FB-00647,calendar_sync,negative
FB-00648,mobile_performance,negative
FB-00649,mobile_performance,negative
FB-00650,mobile_performance,negative
FB-00651,dark_mode,neutral
FB-00652,notifications,negative
FB-00653,export_reporting,neutral
FB-00654,onboarding,negative
FB-00655,onboarding,negative
FB-00656,recurring_events,negative
FB-00657,praise,positive
FB-00658,calendar_sync,negative
FB-00659,mobile_performance,negative
FB-00660,mobile_performance,negative
FB-00661,dark_mode,neutral
FB-00662,dark_mode,neutral
FB-00663,dark_mode,neutral
FB-00664,pricing,negative
FB-00665,timezone,negative
FB-00666,slack_integration,neutral
FB-00667,praise,positive
FB-00668,calendar_sync,negative
FB-00669,mobile_performance,negative
FB-00670,dark_mode,neutral
FB-00671,slack_integration,neutral
FB-00672,notifications,negative
FB-00673,onboarding,negative
FB-00674,onboarding,negative
FB-00675,onboarding,negative
FB-00676,praise,positive
FB-00677,praise,positive
FB-00678,praise,positive
FB-00679,praise,positive
FB-00680,praise,positive
FB-00681,calendar_sync,negative
FB-00682,mobile_performance,negative
FB-00683,mobile_performance,negative
FB-00684,mobile_performance,negative
FB-00685,dark_mode,neutral
FB-00686,sso_saml,neutral
FB-00687,timezone,negative
FB-00688,notifications,negative
FB-00689,notifications,negative
FB-00690,export_reporting,neutral
FB-00691,onboarding,negative
FB-00692,onboarding,negative
FB-00693,recurring_events,negative
FB-00694,praise,positive
FB-00695,praise,positive
FB-00696,mobile_performance,negative
FB-00697,mobile_performance,negative
FB-00698,dark_mode,neutral
FB-00699,pricing,negative
FB-00700,timezone,negative
FB-00701,notifications,negative
FB-00702,onboarding,negative
FB-00703,praise,positive
FB-00704,mobile_performance,negative
FB-00705,mobile_performance,negative
FB-00706,dark_mode,neutral
FB-00707,dark_mode,neutral
FB-00708,dark_mode,neutral
FB-00709,timezone,negative
FB-00710,timezone,negative
FB-00711,slack_integration,neutral
FB-00712,recurring_events,negative
FB-00713,recurring_events,negative
FB-00714,recurring_events,negative
FB-00715,praise,positive
FB-00716,praise,positive
FB-00717,calendar_sync,negative
FB-00718,calendar_sync,negative
FB-00719,mobile_performance,negative
FB-00720,mobile_performance,negative
FB-00721,mobile_performance,negative
FB-00722,dark_mode,neutral
FB-00723,dark_mode,neutral
FB-00724,dark_mode,neutral
FB-00725,pricing,negative
FB-00726,slack_integration,neutral
FB-00727,onboarding,negative
FB-00728,praise,positive
FB-00729,praise,positive
FB-00730,praise,positive
FB-00731,calendar_sync,negative
FB-00732,calendar_sync,negative
FB-00733,timezone,negative
FB-00734,slack_integration,neutral
FB-00735,slack_integration,neutral
FB-00736,slack_integration,neutral
FB-00737,praise,positive
FB-00738,praise,positive
FB-00739,mobile_performance,negative
FB-00740,mobile_performance,negative
FB-00741,dark_mode,neutral
FB-00742,notifications,negative
FB-00743,recurring_events,negative
FB-00744,praise,positive
FB-00745,mobile_performance,negative
FB-00746,mobile_performance,negative
FB-00747,mobile_performance,negative
FB-00748,mobile_performance,negative
FB-00749,mobile_performance,negative
FB-00750,dark_mode,neutral
FB-00751,dark_mode,neutral
FB-00752,dark_mode,neutral
FB-00753,timezone,negative
FB-00754,notifications,negative
FB-00755,notifications,negative
FB-00756,notifications,negative
FB-00757,export_reporting,neutral
FB-00758,export_reporting,neutral
FB-00759,onboarding,negative
FB-00760,recurring_events,negative
FB-00761,praise,positive
FB-00762,calendar_sync,negative
FB-00763,mobile_performance,negative
FB-00764,mobile_performance,negative
FB-00765,dark_mode,neutral
FB-00766,dark_mode,neutral
FB-00767,dark_mode,neutral
FB-00768,dark_mode,neutral
FB-00769,dark_mode,neutral
FB-00770,sso_saml,neutral
FB-00771,pricing,negative
FB-00772,pricing,negative
FB-00773,timezone,negative
FB-00774,slack_integration,neutral
FB-00775,slack_integration,neutral
FB-00776,slack_integration,neutral
FB-00777,slack_integration,neutral
FB-00778,export_reporting,neutral
FB-00779,export_reporting,neutral
FB-00780,export_reporting,neutral
FB-00781,onboarding,negative
FB-00782,calendar_sync,negative
FB-00783,calendar_sync,negative
FB-00784,calendar_sync,negative
FB-00785,mobile_performance,negative
FB-00786,mobile_performance,negative
FB-00787,mobile_performance,negative
FB-00788,mobile_performance,negative
FB-00789,dark_mode,neutral
FB-00790,dark_mode,neutral
FB-00791,dark_mode,neutral
FB-00792,pricing,negative
FB-00793,pricing,negative
FB-00794,pricing,negative
FB-00795,timezone,negative
FB-00796,timezone,negative
FB-00797,slack_integration,neutral
FB-00798,notifications,negative
FB-00799,notifications,negative
FB-00800,export_reporting,neutral
FB-00801,export_reporting,neutral
FB-00802,praise,positive
FB-00803,praise,positive
FB-00804,praise,positive
FB-00805,calendar_sync,negative
FB-00806,calendar_sync,negative
FB-00807,mobile_performance,negative
FB-00808,dark_mode,neutral
FB-00809,dark_mode,neutral
FB-00810,sso_saml,neutral
FB-00811,pricing,negative
FB-00812,timezone,negative
FB-00813,timezone,negative
FB-00814,slack_integration,neutral
FB-00815,slack_integration,neutral
FB-00816,slack_integration,neutral
FB-00817,notifications,negative
FB-00818,onboarding,negative
FB-00819,onboarding,negative
FB-00820,praise,positive
FB-00821,mobile_performance,negative
FB-00822,dark_mode,neutral
FB-00823,dark_mode,neutral
FB-00824,dark_mode,neutral
FB-00825,dark_mode,neutral
FB-00826,pricing,negative
FB-00827,pricing,negative
FB-00828,pricing,negative
FB-00829,pricing,negative
FB-00830,pricing,negative
FB-00831,pricing,negative
FB-00832,timezone,negative
FB-00833,notifications,negative
FB-00834,notifications,negative
FB-00835,export_reporting,neutral
FB-00836,export_reporting,neutral
FB-00837,praise,positive
FB-00838,dark_mode,neutral
FB-00839,dark_mode,neutral
FB-00840,dark_mode,neutral
FB-00841,pricing,negative
FB-00842,slack_integration,neutral
FB-00843,slack_integration,neutral
FB-00844,notifications,negative
FB-00845,notifications,negative
FB-00846,onboarding,negative
FB-00847,mobile_performance,negative
FB-00848,mobile_performance,negative
FB-00849,mobile_performance,negative
FB-00850,dark_mode,neutral
FB-00851,dark_mode,neutral
FB-00852,dark_mode,neutral
FB-00853,slack_integration,neutral
FB-00854,export_reporting,neutral
FB-00855,export_reporting,neutral
FB-00856,onboarding,negative
FB-00857,praise,positive
FB-00858,praise,positive
FB-00859,calendar_sync,negative
FB-00860,mobile_performance,negative
FB-00861,mobile_performance,negative
FB-00862,mobile_performance,negative
FB-00863,mobile_performance,negative
FB-00864,mobile_performance,negative
FB-00865,dark_mode,neutral
FB-00866,sso_saml,neutral
FB-00867,pricing,negative
FB-00868,pricing,negative
FB-00869,timezone,negative
FB-00870,slack_integration,neutral
FB-00871,slack_integration,neutral
FB-00872,notifications,negative
FB-00873,export_reporting,neutral
FB-00874,recurring_events,negative
FB-00875,praise,positive
FB-00876,calendar_sync,negative
FB-00877,dark_mode,neutral
FB-00878,pricing,negative
FB-00879,pricing,negative
FB-00880,timezone,negative
FB-00881,timezone,negative
FB-00882,timezone,negative
FB-00883,slack_integration,neutral
FB-00884,export_reporting,neutral
FB-00885,onboarding,negative
FB-00886,onboarding,negative
FB-00887,onboarding,negative
FB-00888,recurring_events,negative
FB-00889,praise,positive
FB-00890,praise,positive
FB-00891,praise,positive
FB-00892,praise,positive
FB-00893,praise,positive
FB-00894,praise,positive
FB-00895,calendar_sync,negative
FB-00896,calendar_sync,negative
FB-00897,mobile_performance,negative
FB-00898,mobile_performance,negative
FB-00899,dark_mode,neutral
FB-00900,sso_saml,neutral
FB-00901,pricing,negative
FB-00902,pricing,negative
FB-00903,pricing,negative
FB-00904,slack_integration,neutral
FB-00905,export_reporting,neutral
FB-00906,export_reporting,neutral
FB-00907,onboarding,negative
FB-00908,praise,positive
FB-00909,calendar_sync,negative
FB-00910,mobile_performance,negative
FB-00911,mobile_performance,negative
FB-00912,mobile_performance,negative
FB-00913,mobile_performance,negative
FB-00914,mobile_performance,negative
FB-00915,mobile_performance,negative
FB-00916,dark_mode,neutral
FB-00917,pricing,negative
FB-00918,pricing,negative
FB-00919,pricing,negative
FB-00920,pricing,negative
FB-00921,slack_integration,neutral
FB-00922,slack_integration,neutral
FB-00923,notifications,negative
FB-00924,notifications,negative
FB-00925,notifications,negative
FB-00926,notifications,negative
FB-00927,notifications,negative
FB-00928,export_reporting,neutral
FB-00929,export_reporting,neutral
FB-00930,praise,positive
FB-00931,praise,positive
FB-00932,praise,positive
FB-00933,calendar_sync,negative
FB-00934,mobile_performance,negative
FB-00935,mobile_performance,negative
FB-00936,mobile_performance,negative
FB-00937,dark_mode,neutral
FB-00938,dark_mode,neutral
FB-00939,pricing,negative
FB-00940,pricing,negative
FB-00941,pricing,negative
FB-00942,slack_integration,neutral
FB-00943,slack_integration,neutral
FB-00944,slack_integration,neutral
FB-00945,slack_integration,neutral
FB-00946,slack_integration,neutral
FB-00947,notifications,negative
FB-00948,notifications,negative
FB-00949,notifications,negative
FB-00950,export_reporting,neutral
FB-00951,export_reporting,neutral
FB-00952,praise,positive
FB-00953,praise,positive
FB-00954,mobile_performance,negative
FB-00955,mobile_performance,negative
FB-00956,mobile_performance,negative
FB-00957,mobile_performance,negative
FB-00958,mobile_performance,negative
FB-00959,pricing,negative
FB-00960,timezone,negative
FB-00961,praise,positive
FB-00962,mobile_performance,negative
FB-00963,mobile_performance,negative
FB-00964,dark_mode,neutral
FB-00965,dark_mode,neutral
FB-00966,dark_mode,neutral
FB-00967,sso_saml,neutral
FB-00968,pricing,negative
FB-00969,praise,positive
FB-00970,calendar_sync,negative
FB-00971,mobile_performance,negative
FB-00972,mobile_performance,negative
FB-00973,mobile_performance,negative
FB-00974,mobile_performance,negative
FB-00975,dark_mode,neutral
FB-00976,dark_mode,neutral
FB-00977,dark_mode,neutral
FB-00978,sso_saml,neutral
FB-00979,sso_saml,neutral
FB-00980,timezone,negative
FB-00981,slack_integration,neutral
FB-00982,slack_integration,neutral
FB-00983,notifications,negative
FB-00984,notifications,negative
FB-00985,notifications,negative
FB-00986,export_reporting,neutral
FB-00987,praise,positive
FB-00988,praise,positive
FB-00989,calendar_sync,negative
FB-00990,calendar_sync,negative
FB-00991,dark_mode,neutral
FB-00992,pricing,negative
FB-00993,pricing,negative
FB-00994,timezone,negative
FB-00995,slack_integration,neutral
FB-00996,slack_integration,neutral
FB-00997,slack_integration,neutral
FB-00998,slack_integration,neutral
FB-00999,notifications,negative
FB-01000,onboarding,negative
FB-01001,onboarding,negative
FB-01002,recurring_events,negative
FB-01003,praise,positive
FB-01004,calendar_sync,negative
FB-01005,calendar_sync,negative
FB-01006,mobile_performance,negative
FB-01007,dark_mode,neutral
FB-01008,dark_mode,neutral
FB-01009,dark_mode,neutral
FB-01010,dark_mode,neutral
FB-01011,dark_mode,neutral
FB-01012,sso_saml,neutral
FB-01013,pricing,negative
FB-01014,timezone,negative
FB-01015,slack_integration,neutral
FB-01016,notifications,negative
FB-01017,export_reporting,neutral
FB-01018,export_reporting,neutral
FB-01019,export_reporting,neutral
FB-01020,praise,positive
FB-01021,praise,positive
FB-01022,praise,positive
FB-01023,calendar_sync,negative
FB-01024,mobile_performance,negative
FB-01025,dark_mode,neutral
FB-01026,dark_mode,neutral
FB-01027,dark_mode,neutral
FB-01028,dark_mode,neutral
FB-01029,pricing,negative
FB-01030,pricing,negative
FB-01031,pricing,negative
FB-01032,pricing,negative
FB-01033,timezone,negative
FB-01034,slack_integration,neutral
FB-01035,slack_integration,neutral
FB-01036,export_reporting,neutral
FB-01037,export_reporting,neutral
FB-01038,recurring_events,negative
FB-01039,praise,positive
FB-01040,calendar_sync,negative
FB-01041,calendar_sync,negative
FB-01042,calendar_sync,negative
FB-01043,mobile_performance,negative
FB-01044,mobile_performance,negative
FB-01045,mobile_performance,negative
FB-01046,mobile_performance,negative
FB-01047,mobile_performance,negative
FB-01048,mobile_performance,negative
FB-01049,mobile_performance,negative
FB-01050,mobile_performance,negative
FB-01051,sso_saml,neutral
FB-01052,pricing,negative
FB-01053,slack_integration,neutral
FB-01054,slack_integration,neutral
FB-01055,slack_integration,neutral
FB-01056,slack_integration,neutral
FB-01057,slack_integration,neutral
FB-01058,notifications,negative
FB-01059,notifications,negative
FB-01060,notifications,negative
FB-01061,notifications,negative
FB-01062,export_reporting,neutral
FB-01063,praise,positive
FB-01064,praise,positive
FB-01065,praise,positive
FB-01066,praise,positive
FB-01067,praise,positive
FB-01068,praise,positive
FB-01069,praise,positive
FB-01070,calendar_sync,negative
FB-01071,mobile_performance,negative
FB-01072,mobile_performance,negative
FB-01073,dark_mode,neutral
FB-01074,dark_mode,neutral
FB-01075,dark_mode,neutral
FB-01076,pricing,negative
FB-01077,slack_integration,neutral
FB-01078,notifications,negative
FB-01079,calendar_sync,negative
FB-01080,calendar_sync,negative
FB-01081,dark_mode,neutral
FB-01082,dark_mode,neutral
FB-01083,pricing,negative
FB-01084,slack_integration,neutral
FB-01085,notifications,negative
FB-01086,recurring_events,negative
FB-01087,praise,positive
FB-01088,calendar_sync,negative
FB-01089,calendar_sync,negative
FB-01090,calendar_sync,negative
FB-01091,calendar_sync,negative
FB-01092,calendar_sync,negative
FB-01093,calendar_sync,negative
FB-01094,calendar_sync,negative
FB-01095,mobile_performance,negative
FB-01096,dark_mode,neutral
FB-01097,dark_mode,neutral
FB-01098,sso_saml,neutral
FB-01099,pricing,negative
FB-01100,slack_integration,neutral
FB-01101,slack_integration,neutral
FB-01102,export_reporting,neutral
FB-01103,export_reporting,neutral
FB-01104,onboarding,negative
FB-01105,praise,positive
FB-01106,praise,positive
FB-01107,calendar_sync,negative
FB-01108,calendar_sync,negative
FB-01109,calendar_sync,negative
FB-01110,calendar_sync,negative
FB-01111,calendar_sync,negative
FB-01112,mobile_performance,negative
FB-01113,mobile_performance,negative
FB-01114,dark_mode,neutral
FB-01115,dark_mode,neutral
FB-01116,dark_mode,neutral
FB-01117,dark_mode,neutral
FB-01118,dark_mode,neutral
FB-01119,pricing,negative
FB-01120,slack_integration,neutral
FB-01121,slack_integration,neutral
FB-01122,onboarding,negative
FB-01123,onboarding,negative
FB-01124,praise,positive
FB-01125,calendar_sync,negative
FB-01126,calendar_sync,negative
FB-01127,calendar_sync,negative
FB-01128,calendar_sync,negative
FB-01129,calendar_sync,negative
FB-01130,calendar_sync,negative
FB-01131,mobile_performance,negative
FB-01132,mobile_performance,negative
FB-01133,dark_mode,neutral
FB-01134,dark_mode,neutral
FB-01135,dark_mode,neutral
FB-01136,dark_mode,neutral
FB-01137,dark_mode,neutral
FB-01138,dark_mode,neutral
FB-01139,sso_saml,neutral
FB-01140,sso_saml,neutral
FB-01141,pricing,negative
FB-01142,pricing,negative
FB-01143,pricing,negative
FB-01144,timezone,negative
FB-01145,slack_integration,neutral
FB-01146,slack_integration,neutral
FB-01147,slack_integration,neutral
FB-01148,notifications,negative
FB-01149,export_reporting,neutral
FB-01150,export_reporting,neutral
FB-01151,onboarding,negative
FB-01152,praise,positive
FB-01153,praise,positive
FB-01154,calendar_sync,negative
FB-01155,calendar_sync,negative
FB-01156,calendar_sync,negative
FB-01157,calendar_sync,negative
FB-01158,calendar_sync,negative
FB-01159,calendar_sync,negative
FB-01160,mobile_performance,negative
FB-01161,mobile_performance,negative
FB-01162,mobile_performance,negative
FB-01163,mobile_performance,negative
FB-01164,mobile_performance,negative
FB-01165,dark_mode,neutral
FB-01166,dark_mode,neutral
FB-01167,dark_mode,neutral
FB-01168,dark_mode,neutral
FB-01169,sso_saml,neutral
FB-01170,sso_saml,neutral
FB-01171,pricing,negative
FB-01172,pricing,negative
FB-01173,pricing,negative
FB-01174,pricing,negative
FB-01175,pricing,negative
FB-01176,pricing,negative
FB-01177,pricing,negative
FB-01178,pricing,negative
FB-01179,slack_integration,neutral
FB-01180,slack_integration,neutral
FB-01181,slack_integration,neutral
FB-01182,slack_integration,neutral
FB-01183,notifications,negative
FB-01184,onboarding,negative
FB-01185,praise,positive
FB-01186,praise,positive
FB-01187,calendar_sync,negative
FB-01188,calendar_sync,negative
FB-01189,calendar_sync,negative
FB-01190,calendar_sync,negative
FB-01191,calendar_sync,negative
FB-01192,calendar_sync,negative
FB-01193,calendar_sync,negative
FB-01194,calendar_sync,negative
FB-01195,calendar_sync,negative
FB-01196,mobile_performance,negative
FB-01197,mobile_performance,negative
FB-01198,dark_mode,neutral
FB-01199,dark_mode,neutral
FB-01200,sso_saml,neutral
FB-01201,pricing,negative
FB-01202,pricing,negative
FB-01203,timezone,negative
FB-01204,timezone,negative
FB-01205,timezone,negative
FB-01206,timezone,negative
FB-01207,slack_integration,neutral
FB-01208,notifications,negative
FB-01209,export_reporting,neutral
FB-01210,export_reporting,neutral
FB-01211,onboarding,negative
FB-01212,praise,positive
FB-01213,praise,positive
FB-01214,praise,positive
FB-01215,praise,positive
FB-01216,praise,positive
FB-01217,calendar_sync,negative
FB-01218,calendar_sync,negative
FB-01219,calendar_sync,negative
FB-01220,calendar_sync,negative
FB-01221,calendar_sync,negative
FB-01222,mobile_performance,negative
FB-01223,dark_mode,neutral
FB-01224,dark_mode,neutral
FB-01225,dark_mode,neutral
FB-01226,timezone,negative
FB-01227,export_reporting,neutral
FB-01228,export_reporting,neutral
FB-01229,praise,positive
FB-01230,praise,positive
FB-01231,calendar_sync,negative
FB-01232,calendar_sync,negative
FB-01233,calendar_sync,negative
FB-01234,mobile_performance,negative
FB-01235,slack_integration,neutral
FB-01236,slack_integration,neutral
FB-01237,notifications,negative
FB-01238,notifications,negative
FB-01239,calendar_sync,negative
FB-01240,calendar_sync,negative
FB-01241,calendar_sync,negative
FB-01242,calendar_sync,negative
FB-01243,calendar_sync,negative
FB-01244,calendar_sync,negative
FB-01245,calendar_sync,negative
FB-01246,mobile_performance,negative
FB-01247,mobile_performance,negative
FB-01248,mobile_performance,negative
FB-01249,mobile_performance,negative
FB-01250,dark_mode,neutral
FB-01251,dark_mode,neutral
FB-01252,dark_mode,neutral
FB-01253,pricing,negative
FB-01254,timezone,negative
FB-01255,timezone,negative
FB-01256,timezone,negative
FB-01257,timezone,negative
FB-01258,slack_integration,neutral
FB-01259,slack_integration,neutral
FB-01260,onboarding,negative
FB-01261,onboarding,negative
FB-01262,praise,positive
FB-01263,praise,positive
FB-01264,praise,positive
FB-01265,calendar_sync,negative
FB-01266,calendar_sync,negative
FB-01267,calendar_sync,negative
FB-01268,calendar_sync,negative
FB-01269,calendar_sync,negative
FB-01270,calendar_sync,negative
FB-01271,mobile_performance,negative
FB-01272,mobile_performance,negative
FB-01273,mobile_performance,negative
FB-01274,mobile_performance,negative
FB-01275,dark_mode,neutral
FB-01276,dark_mode,neutral
FB-01277,dark_mode,neutral
FB-01278,sso_saml,neutral
FB-01279,pricing,negative
FB-01280,timezone,negative
FB-01281,slack_integration,neutral
FB-01282,export_reporting,neutral
FB-01283,export_reporting,neutral
FB-01284,export_reporting,neutral
FB-01285,onboarding,negative
FB-01286,onboarding,negative
FB-01287,recurring_events,negative
FB-01288,praise,positive
FB-01289,praise,positive
FB-01290,praise,positive
FB-01291,calendar_sync,negative
FB-01292,calendar_sync,negative
FB-01293,calendar_sync,negative
FB-01294,calendar_sync,negative
FB-01295,calendar_sync,negative
FB-01296,calendar_sync,negative
FB-01297,calendar_sync,negative
FB-01298,calendar_sync,negative
FB-01299,calendar_sync,negative
FB-01300,mobile_performance,negative
FB-01301,dark_mode,neutral
FB-01302,dark_mode,neutral
FB-01303,pricing,negative
FB-01304,timezone,negative
FB-01305,timezone,negative
FB-01306,slack_integration,neutral
FB-01307,slack_integration,neutral
FB-01308,slack_integration,neutral
FB-01309,notifications,negative
FB-01310,export_reporting,neutral
FB-01311,export_reporting,neutral
FB-01312,calendar_sync,negative
FB-01313,calendar_sync,negative
FB-01314,calendar_sync,negative
FB-01315,calendar_sync,negative
FB-01316,mobile_performance,negative
FB-01317,dark_mode,neutral
FB-01318,dark_mode,neutral
FB-01319,dark_mode,neutral
FB-01320,pricing,negative
FB-01321,slack_integration,neutral
FB-01322,slack_integration,neutral
FB-01323,slack_integration,neutral
FB-01324,export_reporting,neutral
FB-01325,export_reporting,neutral
FB-01326,onboarding,negative
FB-01327,praise,positive
FB-01328,praise,positive
FB-01329,praise,positive
FB-01330,praise,positive
FB-01331,calendar_sync,negative
FB-01332,calendar_sync,negative
FB-01333,calendar_sync,negative
FB-01334,calendar_sync,negative
FB-01335,mobile_performance,negative
FB-01336,mobile_performance,negative
FB-01337,mobile_performance,negative
FB-01338,mobile_performance,negative
FB-01339,dark_mode,neutral
FB-01340,dark_mode,neutral
FB-01341,dark_mode,neutral
FB-01342,dark_mode,neutral
FB-01343,dark_mode,neutral
FB-01344,sso_saml,neutral
FB-01345,pricing,negative
FB-01346,pricing,negative
FB-01347,pricing,negative
FB-01348,pricing,negative
FB-01349,timezone,negative
FB-01350,timezone,negative
FB-01351,timezone,negative
FB-01352,notifications,negative
FB-01353,notifications,negative
FB-01354,export_reporting,neutral
FB-01355,praise,positive
FB-01356,praise,positive
FB-01357,praise,positive
FB-01358,praise,positive
FB-01359,calendar_sync,negative
FB-01360,mobile_performance,negative
FB-01361,mobile_performance,negative
FB-01362,mobile_performance,negative
FB-01363,timezone,negative
FB-01364,slack_integration,neutral
FB-01365,notifications,negative
FB-01366,praise,positive
FB-01367,praise,positive
FB-01368,calendar_sync,negative
FB-01369,calendar_sync,negative
FB-01370,mobile_performance,negative
FB-01371,mobile_performance,negative
FB-01372,dark_mode,neutral
FB-01373,dark_mode,neutral
FB-01374,dark_mode,neutral
FB-01375,sso_saml,neutral
FB-01376,pricing,negative
FB-01377,pricing,negative
FB-01378,recurring_events,negative
FB-01379,praise,positive
FB-01380,praise,positive
FB-01381,praise,positive
FB-01382,calendar_sync,negative
FB-01383,calendar_sync,negative
FB-01384,calendar_sync,negative
FB-01385,calendar_sync,negative
FB-01386,calendar_sync,negative
FB-01387,mobile_performance,negative
FB-01388,mobile_performance,negative
FB-01389,dark_mode,neutral
FB-01390,dark_mode,neutral
FB-01391,pricing,negative
FB-01392,pricing,negative
FB-01393,pricing,negative
FB-01394,pricing,negative
FB-01395,pricing,negative
FB-01396,timezone,negative
FB-01397,slack_integration,neutral
FB-01398,notifications,negative
FB-01399,notifications,negative
FB-01400,export_reporting,neutral
FB-01401,onboarding,negative
FB-01402,onboarding,negative
FB-01403,praise,positive
FB-01404,praise,positive
FB-01405,praise,positive
FB-01406,praise,positive
FB-01407,calendar_sync,negative
FB-01408,calendar_sync,negative
FB-01409,calendar_sync,negative
FB-01410,calendar_sync,negative
FB-01411,mobile_performance,negative
FB-01412,mobile_performance,negative
FB-01413,mobile_performance,negative
FB-01414,mobile_performance,negative
FB-01415,dark_mode,neutral
FB-01416,pricing,negative
FB-01417,timezone,negative
FB-01418,timezone,negative
FB-01419,timezone,negative
FB-01420,timezone,negative
FB-01421,slack_integration,neutral
FB-01422,slack_integration,neutral
FB-01423,notifications,negative
FB-01424,notifications,negative
FB-01425,export_reporting,neutral
FB-01426,export_reporting,neutral
FB-01427,onboarding,negative
FB-01428,praise,positive
FB-01429,praise,positive
FB-01430,calendar_sync,negative
FB-01431,calendar_sync,negative
FB-01432,calendar_sync,negative
FB-01433,calendar_sync,negative
FB-01434,calendar_sync,negative
FB-01435,dark_mode,neutral
FB-01436,sso_saml,neutral
FB-01437,sso_saml,neutral
FB-01438,pricing,negative
FB-01439,pricing,negative
FB-01440,timezone,negative
FB-01441,timezone,negative
FB-01442,timezone,negative
FB-01443,slack_integration,neutral
FB-01444,slack_integration,neutral
FB-01445,notifications,negative
FB-01446,notifications,negative
FB-01447,notifications,negative
FB-01448,export_reporting,neutral
FB-01449,onboarding,negative
FB-01450,calendar_sync,negative
FB-01451,calendar_sync,negative
FB-01452,calendar_sync,negative
FB-01453,calendar_sync,negative
FB-01454,calendar_sync,negative
FB-01455,mobile_performance,negative
FB-01456,mobile_performance,negative
FB-01457,mobile_performance,negative
FB-01458,mobile_performance,negative
FB-01459,dark_mode,neutral
FB-01460,dark_mode,neutral
FB-01461,dark_mode,neutral
FB-01462,sso_saml,neutral
FB-01463,pricing,negative
FB-01464,pricing,negative
FB-01465,pricing,negative
FB-01466,pricing,negative
FB-01467,pricing,negative
FB-01468,pricing,negative
FB-01469,timezone,negative
FB-01470,timezone,negative
FB-01471,timezone,negative
FB-01472,timezone,negative
FB-01473,slack_integration,neutral
FB-01474,slack_integration,neutral
FB-01475,notifications,negative
FB-01476,notifications,negative
FB-01477,notifications,negative
FB-01478,export_reporting,neutral
FB-01479,export_reporting,neutral
FB-01480,export_reporting,neutral
FB-01481,onboarding,negative
FB-01482,praise,positive
FB-01483,praise,positive
FB-01484,praise,positive
FB-01485,calendar_sync,negative
FB-01486,calendar_sync,negative
FB-01487,calendar_sync,negative
FB-01488,calendar_sync,negative
FB-01489,mobile_performance,negative
FB-01490,mobile_performance,negative
FB-01491,mobile_performance,negative
FB-01492,mobile_performance,negative
FB-01493,dark_mode,neutral
FB-01494,dark_mode,neutral
FB-01495,pricing,negative
FB-01496,pricing,negative
FB-01497,pricing,negative
FB-01498,timezone,negative
FB-01499,slack_integration,neutral
FB-01500,notifications,negative
FB-01501,export_reporting,neutral
FB-01502,export_reporting,neutral
FB-01503,onboarding,negative
FB-01504,praise,positive
FB-01505,calendar_sync,negative
FB-01506,calendar_sync,negative
FB-01507,calendar_sync,negative
FB-01508,mobile_performance,negative
FB-01509,dark_mode,neutral
FB-01510,pricing,negative
FB-01511,pricing,negative
FB-01512,timezone,negative
FB-01513,slack_integration,neutral
FB-01514,slack_integration,neutral
FB-01515,notifications,negative
FB-01516,praise,positive
FB-01517,praise,positive
FB-01518,praise,positive
FB-01519,calendar_sync,negative
FB-01520,calendar_sync,negative
FB-01521,dark_mode,neutral
FB-01522,dark_mode,neutral
FB-01523,slack_integration,neutral
FB-01524,slack_integration,neutral
FB-01525,export_reporting,neutral
FB-01526,onboarding,negative
FB-01527,calendar_sync,negative
FB-01528,calendar_sync,negative
FB-01529,calendar_sync,negative
FB-01530,calendar_sync,negative
FB-01531,mobile_performance,negative
FB-01532,dark_mode,neutral
FB-01533,dark_mode,neutral
FB-01534,dark_mode,neutral
FB-01535,dark_mode,neutral
FB-01536,sso_saml,neutral
FB-01537,sso_saml,neutral
FB-01538,pricing,negative
FB-01539,pricing,negative
FB-01540,pricing,negative
FB-01541,pricing,negative
FB-01542,pricing,negative
FB-01543,pricing,negative
FB-01544,pricing,negative
FB-01545,timezone,negative
FB-01546,timezone,negative
FB-01547,slack_integration,neutral
FB-01548,notifications,negative
FB-01549,notifications,negative
FB-01550,praise,positive
FB-01551,calendar_sync,negative
FB-01552,calendar_sync,negative
FB-01553,calendar_sync,negative
FB-01554,calendar_sync,negative
FB-01555,calendar_sync,negative
FB-01556,calendar_sync,negative
FB-01557,calendar_sync,negative
FB-01558,mobile_performance,negative
FB-01559,mobile_performance,negative
FB-01560,dark_mode,neutral
FB-01561,dark_mode,neutral
FB-01562,dark_mode,neutral
FB-01563,pricing,negative
FB-01564,pricing,negative
FB-01565,timezone,negative
FB-01566,timezone,negative
FB-01567,timezone,negative
FB-01568,slack_integration,neutral
FB-01569,notifications,negative
FB-01570,notifications,negative
FB-01571,export_reporting,neutral
FB-01572,export_reporting,neutral
FB-01573,praise,positive
FB-01574,praise,positive
FB-01575,calendar_sync,negative
FB-01576,calendar_sync,negative
FB-01577,calendar_sync,negative
FB-01578,calendar_sync,negative
FB-01579,calendar_sync,negative
FB-01580,mobile_performance,negative
FB-01581,mobile_performance,negative
FB-01582,mobile_performance,negative
FB-01583,dark_mode,neutral
FB-01584,dark_mode,neutral
FB-01585,dark_mode,neutral
FB-01586,dark_mode,neutral
FB-01587,sso_saml,neutral
FB-01588,pricing,negative
FB-01589,pricing,negative
FB-01590,pricing,negative
FB-01591,slack_integration,neutral
FB-01592,praise,positive
FB-01593,praise,positive
FB-01594,calendar_sync,negative
FB-01595,calendar_sync,negative
FB-01596,calendar_sync,negative
FB-01597,mobile_performance,negative
FB-01598,mobile_performance,negative
FB-01599,mobile_performance,negative
FB-01600,mobile_performance,negative
FB-01601,pricing,negative
FB-01602,pricing,negative
FB-01603,pricing,negative
FB-01604,slack_integration,neutral
FB-01605,slack_integration,neutral
FB-01606,notifications,negative
FB-01607,notifications,negative
FB-01608,notifications,negative
FB-01609,notifications,negative
FB-01610,notifications,negative
FB-01611,onboarding,negative
FB-01612,recurring_events,negative
FB-01613,praise,positive
FB-01614,praise,positive
FB-01615,praise,positive
FB-01616,praise,positive
FB-01617,praise,positive
FB-01618,calendar_sync,negative
FB-01619,calendar_sync,negative
FB-01620,calendar_sync,negative
FB-01621,calendar_sync,negative
FB-01622,calendar_sync,negative
FB-01623,calendar_sync,negative
FB-01624,calendar_sync,negative
FB-01625,calendar_sync,negative
FB-01626,mobile_performance,negative
FB-01627,mobile_performance,negative
FB-01628,mobile_performance,negative
FB-01629,dark_mode,neutral
FB-01630,dark_mode,neutral
FB-01631,sso_saml,neutral
FB-01632,timezone,negative
FB-01633,slack_integration,neutral
FB-01634,slack_integration,neutral
FB-01635,slack_integration,neutral
FB-01636,export_reporting,neutral
FB-01637,export_reporting,neutral
FB-01638,praise,positive
FB-01639,praise,positive
FB-01640,praise,positive
FB-01641,calendar_sync,negative
FB-01642,calendar_sync,negative
FB-01643,calendar_sync,negative
FB-01644,mobile_performance,negative
FB-01645,mobile_performance,negative
FB-01646,dark_mode,neutral
FB-01647,dark_mode,neutral
FB-01648,pricing,negative
FB-01649,slack_integration,neutral
FB-01650,notifications,negative
FB-01651,notifications,negative
FB-01652,notifications,negative
FB-01653,onboarding,negative
FB-01654,praise,positive
FB-01655,praise,positive
FB-01656,praise,positive
FB-01657,calendar_sync,negative
FB-01658,calendar_sync,negative
FB-01659,calendar_sync,negative
FB-01660,calendar_sync,negative
FB-01661,calendar_sync,negative
FB-01662,mobile_performance,negative
FB-01663,mobile_performance,negative
FB-01664,dark_mode,neutral
FB-01665,dark_mode,neutral
FB-01666,pricing,negative
FB-01667,slack_integration,neutral
FB-01668,praise,positive
FB-01669,calendar_sync,negative
FB-01670,calendar_sync,negative
FB-01671,calendar_sync,negative
FB-01672,calendar_sync,negative
FB-01673,calendar_sync,negative
FB-01674,calendar_sync,negative
FB-01675,calendar_sync,negative
FB-01676,mobile_performance,negative
FB-01677,mobile_performance,negative
FB-01678,mobile_performance,negative
FB-01679,mobile_performance,negative
FB-01680,mobile_performance,negative
FB-01681,dark_mode,neutral
FB-01682,dark_mode,neutral
FB-01683,dark_mode,neutral
FB-01684,dark_mode,neutral
FB-01685,pricing,negative
FB-01686,timezone,negative
FB-01687,timezone,negative
FB-01688,export_reporting,neutral
FB-01689,praise,positive
FB-01690,calendar_sync,negative
FB-01691,calendar_sync,negative
FB-01692,calendar_sync,negative
FB-01693,calendar_sync,negative
FB-01694,calendar_sync,negative
FB-01695,calendar_sync,negative
FB-01696,mobile_performance,negative
FB-01697,mobile_performance,negative
FB-01698,mobile_performance,negative
FB-01699,dark_mode,neutral
FB-01700,dark_mode,neutral
FB-01701,dark_mode,neutral
FB-01702,sso_saml,neutral
FB-01703,pricing,negative
FB-01704,timezone,negative
FB-01705,slack_integration,neutral
FB-01706,slack_integration,neutral
FB-01707,slack_integration,neutral
FB-01708,notifications,negative
FB-01709,notifications,negative
FB-01710,notifications,negative
FB-01711,export_reporting,neutral
FB-01712,onboarding,negative
FB-01713,praise,positive
FB-01714,calendar_sync,negative
FB-01715,calendar_sync,negative
FB-01716,calendar_sync,negative
FB-01717,calendar_sync,negative
FB-01718,mobile_performance,negative
FB-01719,mobile_performance,negative
FB-01720,mobile_performance,negative
FB-01721,mobile_performance,negative
FB-01722,dark_mode,neutral
FB-01723,sso_saml,neutral
FB-01724,pricing,negative
FB-01725,pricing,negative
FB-01726,pricing,negative
FB-01727,pricing,negative
FB-01728,pricing,negative
FB-01729,timezone,negative
FB-01730,timezone,negative
FB-01731,timezone,negative
FB-01732,timezone,negative
FB-01733,slack_integration,neutral
FB-01734,slack_integration,neutral
FB-01735,notifications,negative
FB-01736,notifications,negative
FB-01737,recurring_events,negative
FB-01738,praise,positive
FB-01739,praise,positive
FB-01740,calendar_sync,negative
FB-01741,calendar_sync,negative
FB-01742,calendar_sync,negative
FB-01743,calendar_sync,negative
FB-01744,calendar_sync,negative
FB-01745,mobile_performance,negative
FB-01746,mobile_performance,negative
FB-01747,dark_mode,neutral
FB-01748,sso_saml,neutral
FB-01749,sso_saml,neutral
FB-01750,pricing,negative
FB-01751,pricing,negative
FB-01752,pricing,negative
FB-01753,pricing,negative
FB-01754,pricing,negative
FB-01755,slack_integration,neutral
FB-01756,slack_integration,neutral
FB-01757,slack_integration,neutral
FB-01758,slack_integration,neutral
FB-01759,slack_integration,neutral
FB-01760,notifications,negative
FB-01761,export_reporting,neutral
FB-01762,recurring_events,negative
FB-01763,praise,positive
FB-01764,calendar_sync,negative
FB-01765,mobile_performance,negative
FB-01766,mobile_performance,negative
FB-01767,mobile_performance,negative
FB-01768,mobile_performance,negative
FB-01769,dark_mode,neutral
FB-01770,dark_mode,neutral
FB-01771,dark_mode,neutral
FB-01772,dark_mode,neutral
FB-01773,dark_mode,neutral
FB-01774,pricing,negative
FB-01775,pricing,negative
FB-01776,pricing,negative
FB-01777,pricing,negative
FB-01778,pricing,negative
FB-01779,pricing,negative
FB-01780,pricing,negative
FB-01781,praise,positive
FB-01782,praise,positive
FB-01783,praise,positive
FB-01784,praise,positive
FB-01785,mobile_performance,negative
FB-01786,sso_saml,neutral
FB-01787,pricing,negative
FB-01788,timezone,negative
FB-01789,timezone,negative
FB-01790,slack_integration,neutral
FB-01791,slack_integration,neutral
FB-01792,onboarding,negative
FB-01793,onboarding,negative
FB-01794,onboarding,negative
FB-01795,praise,positive
FB-01796,praise,positive
FB-01797,mobile_performance,negative
FB-01798,mobile_performance,negative
FB-01799,dark_mode,neutral
FB-01800,dark_mode,neutral
FB-01801,dark_mode,neutral
FB-01802,dark_mode,neutral
FB-01803,dark_mode,neutral
FB-01804,slack_integration,neutral
FB-01805,praise,positive
FB-01806,praise,positive
FB-01807,mobile_performance,negative
FB-01808,mobile_performance,negative
FB-01809,mobile_performance,negative
FB-01810,mobile_performance,negative
FB-01811,mobile_performance,negative
FB-01812,dark_mode,neutral
FB-01813,dark_mode,neutral
FB-01814,dark_mode,neutral
FB-01815,dark_mode,neutral
FB-01816,sso_saml,neutral
FB-01817,pricing,negative
FB-01818,pricing,negative
FB-01819,pricing,negative
FB-01820,pricing,negative
FB-01821,pricing,negative
FB-01822,timezone,negative
FB-01823,timezone,negative
FB-01824,notifications,negative
FB-01825,notifications,negative
FB-01826,notifications,negative
FB-01827,export_reporting,neutral
FB-01828,praise,positive
FB-01829,praise,positive
FB-01830,calendar_sync,negative
FB-01831,calendar_sync,negative
FB-01832,mobile_performance,negative
FB-01833,mobile_performance,negative
FB-01834,mobile_performance,negative
FB-01835,mobile_performance,negative
FB-01836,mobile_performance,negative
FB-01837,dark_mode,neutral
FB-01838,pricing,negative
FB-01839,pricing,negative
FB-01840,timezone,negative
FB-01841,timezone,negative
FB-01842,slack_integration,neutral
FB-01843,notifications,negative
FB-01844,praise,positive
FB-01845,praise,positive
FB-01846,mobile_performance,negative
FB-01847,mobile_performance,negative
FB-01848,mobile_performance,negative
FB-01849,dark_mode,neutral
FB-01850,dark_mode,neutral
FB-01851,notifications,negative
FB-01852,notifications,negative
FB-01853,export_reporting,neutral
FB-01854,praise,positive
FB-01855,praise,positive
FB-01856,praise,positive
FB-01857,mobile_performance,negative
FB-01858,mobile_performance,negative
FB-01859,mobile_performance,negative
FB-01860,mobile_performance,negative
FB-01861,mobile_performance,negative
FB-01862,mobile_performance,negative
FB-01863,dark_mode,neutral
FB-01864,dark_mode,neutral
FB-01865,dark_mode,neutral
FB-01866,dark_mode,neutral
FB-01867,dark_mode,neutral
FB-01868,sso_saml,neutral
FB-01869,pricing,negative
FB-01870,pricing,negative
FB-01871,pricing,negative
FB-01872,timezone,negative
FB-01873,slack_integration,neutral
FB-01874,recurring_events,negative
FB-01875,praise,positive
FB-01876,praise,positive
FB-01877,mobile_performance,negative
FB-01878,dark_mode,neutral
FB-01879,dark_mode,neutral
FB-01880,sso_saml,neutral
FB-01881,sso_saml,neutral
FB-01882,sso_saml,neutral
FB-01883,pricing,negative
FB-01884,pricing,negative
FB-01885,pricing,negative
FB-01886,pricing,negative
FB-01887,timezone,negative
FB-01888,slack_integration,neutral
FB-01889,notifications,negative
FB-01890,export_reporting,neutral
FB-01891,onboarding,negative
FB-01892,onboarding,negative
FB-01893,recurring_events,negative
FB-01894,praise,positive
FB-01895,praise,positive
FB-01896,praise,positive
FB-01897,praise,positive
FB-01898,praise,positive
FB-01899,praise,positive
FB-01900,calendar_sync,negative
FB-01901,dark_mode,neutral
FB-01902,dark_mode,neutral
FB-01903,dark_mode,neutral
FB-01904,dark_mode,neutral
FB-01905,sso_saml,neutral
FB-01906,sso_saml,neutral
FB-01907,pricing,negative
FB-01908,pricing,negative
FB-01909,timezone,negative
FB-01910,timezone,negative
FB-01911,slack_integration,neutral
FB-01912,notifications,negative
FB-01913,praise,positive
FB-01914,mobile_performance,negative
FB-01915,dark_mode,neutral
FB-01916,timezone,negative
FB-01917,timezone,negative
FB-01918,notifications,negative
FB-01919,export_reporting,neutral
FB-01920,onboarding,negative
FB-01921,praise,positive
FB-01922,praise,positive
FB-01923,mobile_performance,negative
FB-01924,dark_mode,neutral
FB-01925,dark_mode,neutral
FB-01926,dark_mode,neutral
FB-01927,dark_mode,neutral
FB-01928,sso_saml,neutral
FB-01929,pricing,negative
FB-01930,pricing,negative
FB-01931,timezone,negative
FB-01932,timezone,negative
FB-01933,slack_integration,neutral
FB-01934,slack_integration,neutral
FB-01935,slack_integration,neutral
FB-01936,notifications,negative
FB-01937,notifications,negative
FB-01938,export_reporting,neutral
FB-01939,onboarding,negative
FB-01940,recurring_events,negative
FB-01941,praise,positive
FB-01942,praise,positive
FB-01943,praise,positive
FB-01944,praise,positive
FB-01945,mobile_performance,negative
FB-01946,mobile_performance,negative
FB-01947,mobile_performance,negative
FB-01948,dark_mode,neutral
FB-01949,dark_mode,neutral
FB-01950,dark_mode,neutral
FB-01951,dark_mode,neutral
FB-01952,dark_mode,neutral
FB-01953,pricing,negative
FB-01954,pricing,negative
FB-01955,pricing,negative
FB-01956,pricing,negative
FB-01957,timezone,negative
FB-01958,timezone,negative
FB-01959,slack_integration,neutral
FB-01960,slack_integration,neutral
FB-01961,slack_integration,neutral
FB-01962,slack_integration,neutral
FB-01963,export_reporting,neutral
FB-01964,export_reporting,neutral
FB-01965,praise,positive
FB-01966,praise,positive
FB-01967,praise,positive
FB-01968,praise,positive
FB-01969,praise,positive
FB-01970,calendar_sync,negative
FB-01971,mobile_performance,negative
FB-01972,mobile_performance,negative
FB-01973,mobile_performance,negative
FB-01974,mobile_performance,negative
FB-01975,mobile_performance,negative
FB-01976,dark_mode,neutral
FB-01977,pricing,negative
FB-01978,pricing,negative
FB-01979,slack_integration,neutral
FB-01980,slack_integration,neutral
FB-01981,slack_integration,neutral
FB-01982,slack_integration,neutral
FB-01983,slack_integration,neutral
FB-01984,praise,positive
FB-01985,calendar_sync,negative
FB-01986,calendar_sync,negative
FB-01987,calendar_sync,negative
FB-01988,mobile_performance,negative
FB-01989,dark_mode,neutral
FB-01990,dark_mode,neutral
FB-01991,dark_mode,neutral
FB-01992,dark_mode,neutral
FB-01993,sso_saml,neutral
FB-01994,timezone,negative
FB-01995,slack_integration,neutral
FB-01996,notifications,negative
FB-01997,notifications,negative
FB-01998,export_reporting,neutral
FB-01999,onboarding,negative
FB-02000,praise,positive
FB-02001,mobile_performance,negative
FB-02002,dark_mode,neutral
FB-02003,dark_mode,neutral
FB-02004,dark_mode,neutral
FB-02005,sso_saml,neutral
FB-02006,pricing,negative
FB-02007,pricing,negative
FB-02008,pricing,negative
FB-02009,timezone,negative
FB-02010,timezone,negative
FB-02011,slack_integration,neutral
FB-02012,slack_integration,neutral
FB-02013,slack_integration,neutral
FB-02014,notifications,negative
FB-02015,export_reporting,neutral
FB-02016,onboarding,negative
FB-02017,praise,positive
FB-02018,praise,positive
FB-02019,calendar_sync,negative
FB-02020,mobile_performance,negative
FB-02021,pricing,negative
FB-02022,timezone,negative
FB-02023,notifications,negative
FB-02024,export_reporting,neutral
FB-02025,praise,positive
FB-02026,praise,positive
FB-02027,praise,positive
FB-02028,calendar_sync,negative
FB-02029,pricing,negative
FB-02030,pricing,negative
FB-02031,timezone,negative
FB-02032,notifications,negative
FB-02033,notifications,negative
FB-02034,notifications,negative
FB-02035,praise,positive
FB-02036,mobile_performance,negative
FB-02037,mobile_performance,negative
FB-02038,dark_mode,neutral
FB-02039,dark_mode,neutral
FB-02040,dark_mode,neutral
FB-02041,dark_mode,neutral
FB-02042,pricing,negative
FB-02043,pricing,negative
FB-02044,pricing,negative
FB-02045,slack_integration,neutral
FB-02046,slack_integration,neutral
FB-02047,slack_integration,neutral
FB-02048,notifications,negative
FB-02049,onboarding,negative
FB-02050,onboarding,negative
FB-02051,praise,positive
FB-02052,praise,positive
FB-02053,praise,positive
FB-02054,calendar_sync,negative
FB-02055,mobile_performance,negative
FB-02056,mobile_performance,negative
FB-02057,dark_mode,neutral
FB-02058,dark_mode,neutral
FB-02059,dark_mode,neutral
FB-02060,sso_saml,neutral
FB-02061,pricing,negative
FB-02062,pricing,negative
FB-02063,pricing,negative
FB-02064,timezone,negative
FB-02065,timezone,negative
FB-02066,timezone,negative
FB-02067,timezone,negative
FB-02068,timezone,negative
FB-02069,slack_integration,neutral
FB-02070,notifications,negative
FB-02071,notifications,negative
FB-02072,notifications,negative
FB-02073,notifications,negative
FB-02074,notifications,negative
FB-02075,export_reporting,neutral
FB-02076,export_reporting,neutral
FB-02077,praise,positive
FB-02078,praise,positive
FB-02079,praise,positive
FB-02080,calendar_sync,negative
FB-02081,mobile_performance,negative
FB-02082,mobile_performance,negative
FB-02083,mobile_performance,negative
FB-02084,mobile_performance,negative
FB-02085,mobile_performance,negative
FB-02086,dark_mode,neutral
FB-02087,dark_mode,neutral
FB-02088,dark_mode,neutral
FB-02089,dark_mode,neutral
FB-02090,sso_saml,neutral
FB-02091,pricing,negative
FB-02092,pricing,negative
FB-02093,pricing,negative
FB-02094,pricing,negative
FB-02095,pricing,negative
FB-02096,pricing,negative
FB-02097,timezone,negative
FB-02098,timezone,negative
FB-02099,timezone,negative
FB-02100,slack_integration,neutral
FB-02101,slack_integration,neutral
FB-02102,slack_integration,neutral
FB-02103,notifications,negative
FB-02104,notifications,negative
FB-02105,export_reporting,neutral
FB-02106,export_reporting,neutral
FB-02107,onboarding,negative
FB-02108,praise,positive
FB-02109,praise,positive
FB-02110,praise,positive
FB-02111,calendar_sync,negative
FB-02112,mobile_performance,negative
FB-02113,mobile_performance,negative
FB-02114,dark_mode,neutral
FB-02115,dark_mode,neutral
FB-02116,dark_mode,neutral
FB-02117,pricing,negative
FB-02118,pricing,negative
FB-02119,pricing,negative
FB-02120,slack_integration,neutral
FB-02121,slack_integration,neutral
FB-02122,notifications,negative
FB-02123,notifications,negative
FB-02124,notifications,negative
FB-02125,onboarding,negative
FB-02126,recurring_events,negative
FB-02127,praise,positive
FB-02128,praise,positive
FB-02129,calendar_sync,negative
FB-02130,mobile_performance,negative
FB-02131,mobile_performance,negative
FB-02132,mobile_performance,negative
FB-02133,dark_mode,neutral
FB-02134,dark_mode,neutral
FB-02135,sso_saml,neutral
FB-02136,sso_saml,neutral
FB-02137,sso_saml,neutral
FB-02138,pricing,negative
FB-02139,slack_integration,neutral
FB-02140,slack_integration,neutral
FB-02141,slack_integration,neutral
FB-02142,notifications,negative
FB-02143,export_reporting,neutral
FB-02144,export_reporting,neutral
FB-02145,export_reporting,neutral
FB-02146,export_reporting,neutral
FB-02147,praise,positive
FB-02148,mobile_performance,negative
FB-02149,mobile_performance,negative
FB-02150,dark_mode,neutral
FB-02151,dark_mode,neutral
FB-02152,dark_mode,neutral
FB-02153,pricing,negative
FB-02154,timezone,negative
FB-02155,slack_integration,neutral
FB-02156,slack_integration,neutral
FB-02157,notifications,negative
FB-02158,notifications,negative
FB-02159,mobile_performance,negative
FB-02160,mobile_performance,negative
FB-02161,mobile_performance,negative
FB-02162,mobile_performance,negative
FB-02163,mobile_performance,negative
FB-02164,timezone,negative
FB-02165,slack_integration,neutral
FB-02166,slack_integration,neutral
FB-02167,notifications,negative
FB-02168,notifications,negative
FB-02169,praise,positive
FB-02170,praise,positive
FB-02171,praise,positive
FB-02172,calendar_sync,negative
FB-02173,mobile_performance,negative
FB-02174,dark_mode,neutral
FB-02175,dark_mode,neutral
FB-02176,dark_mode,neutral
FB-02177,dark_mode,neutral
FB-02178,dark_mode,neutral
FB-02179,dark_mode,neutral
FB-02180,sso_saml,neutral
FB-02181,sso_saml,neutral
FB-02182,pricing,negative
FB-02183,pricing,negative
FB-02184,pricing,negative
FB-02185,timezone,negative
FB-02186,timezone,negative
FB-02187,timezone,negative
FB-02188,slack_integration,neutral
FB-02189,slack_integration,neutral
FB-02190,slack_integration,neutral
FB-02191,notifications,negative
FB-02192,notifications,negative
FB-02193,notifications,negative
FB-02194,export_reporting,neutral
FB-02195,export_reporting,neutral
FB-02196,export_reporting,neutral
FB-02197,export_reporting,neutral
FB-02198,praise,positive
FB-02199,calendar_sync,negative
FB-02200,calendar_sync,negative
FB-02201,calendar_sync,negative
FB-02202,calendar_sync,negative
FB-02203,mobile_performance,negative
FB-02204,mobile_performance,negative
FB-02205,mobile_performance,negative
FB-02206,mobile_performance,negative
FB-02207,mobile_performance,negative
FB-02208,dark_mode,neutral
FB-02209,dark_mode,neutral
FB-02210,dark_mode,neutral
FB-02211,dark_mode,neutral
FB-02212,dark_mode,neutral
FB-02213,sso_saml,neutral
FB-02214,sso_saml,neutral
FB-02215,pricing,negative
FB-02216,pricing,negative
FB-02217,timezone,negative
FB-02218,timezone,negative
FB-02219,timezone,negative
FB-02220,slack_integration,neutral
FB-02221,notifications,negative
FB-02222,notifications,negative
FB-02223,export_reporting,neutral
FB-02224,praise,positive
FB-02225,praise,positive
FB-02226,praise,positive
FB-02227,calendar_sync,negative
FB-02228,mobile_performance,negative
FB-02229,mobile_performance,negative
FB-02230,mobile_performance,negative
FB-02231,mobile_performance,negative
FB-02232,mobile_performance,negative
FB-02233,mobile_performance,negative
FB-02234,mobile_performance,negative
FB-02235,dark_mode,neutral
FB-02236,dark_mode,neutral
FB-02237,dark_mode,neutral
FB-02238,dark_mode,neutral
FB-02239,sso_saml,neutral
FB-02240,pricing,negative
FB-02241,slack_integration,neutral
FB-02242,notifications,negative
FB-02243,export_reporting,neutral
FB-02244,export_reporting,neutral
FB-02245,export_reporting,neutral
FB-02246,export_reporting,neutral
FB-02247,onboarding,negative
FB-02248,onboarding,negative
FB-02249,recurring_events,negative
FB-02250,praise,positive
FB-02251,praise,positive
FB-02252,calendar_sync,negative
FB-02253,calendar_sync,negative
FB-02254,mobile_performance,negative
FB-02255,mobile_performance,negative
FB-02256,mobile_performance,negative
FB-02257,mobile_performance,negative
FB-02258,mobile_performance,negative
FB-02259,dark_mode,neutral
FB-02260,sso_saml,neutral
FB-02261,pricing,negative
FB-02262,pricing,negative
FB-02263,timezone,negative
FB-02264,timezone,negative
FB-02265,timezone,negative
FB-02266,timezone,negative
FB-02267,slack_integration,neutral
FB-02268,slack_integration,neutral
FB-02269,slack_integration,neutral
FB-02270,onboarding,negative
FB-02271,praise,positive
FB-02272,calendar_sync,negative
FB-02273,mobile_performance,negative
FB-02274,mobile_performance,negative
FB-02275,mobile_performance,negative
FB-02276,mobile_performance,negative
FB-02277,mobile_performance,negative
FB-02278,dark_mode,neutral
FB-02279,dark_mode,neutral
FB-02280,dark_mode,neutral
FB-02281,dark_mode,neutral
FB-02282,dark_mode,neutral
FB-02283,dark_mode,neutral
FB-02284,dark_mode,neutral
FB-02285,dark_mode,neutral
FB-02286,pricing,negative
FB-02287,timezone,negative
FB-02288,slack_integration,neutral
FB-02289,slack_integration,neutral
FB-02290,notifications,negative
FB-02291,notifications,negative
FB-02292,export_reporting,neutral
FB-02293,export_reporting,neutral
FB-02294,export_reporting,neutral
FB-02295,praise,positive
FB-02296,dark_mode,neutral
FB-02297,dark_mode,neutral
FB-02298,dark_mode,neutral
FB-02299,pricing,negative
FB-02300,pricing,negative
FB-02301,slack_integration,neutral
FB-02302,slack_integration,neutral
FB-02303,export_reporting,neutral
FB-02304,onboarding,negative
FB-02305,praise,positive
FB-02306,praise,positive
FB-02307,mobile_performance,negative
FB-02308,dark_mode,neutral
FB-02309,dark_mode,neutral
FB-02310,pricing,negative
FB-02311,slack_integration,neutral
FB-02312,slack_integration,neutral
FB-02313,notifications,negative
FB-02314,praise,positive
FB-02315,mobile_performance,negative
FB-02316,mobile_performance,negative
FB-02317,mobile_performance,negative
FB-02318,mobile_performance,negative
FB-02319,mobile_performance,negative
FB-02320,mobile_performance,negative
FB-02321,mobile_performance,negative
FB-02322,mobile_performance,negative
FB-02323,mobile_performance,negative
FB-02324,dark_mode,neutral
FB-02325,dark_mode,neutral
FB-02326,dark_mode,neutral
FB-02327,dark_mode,neutral
FB-02328,pricing,negative
FB-02329,pricing,negative
FB-02330,timezone,negative
FB-02331,timezone,negative
FB-02332,timezone,negative
FB-02333,slack_integration,neutral
FB-02334,slack_integration,neutral
FB-02335,slack_integration,neutral
FB-02336,notifications,negative
FB-02337,export_reporting,neutral
FB-02338,onboarding,negative
FB-02339,praise,positive
FB-02340,praise,positive
FB-02341,praise,positive
FB-02342,praise,positive
FB-02343,calendar_sync,negative
FB-02344,mobile_performance,negative
FB-02345,dark_mode,neutral
FB-02346,dark_mode,neutral
FB-02347,dark_mode,neutral
FB-02348,pricing,negative
FB-02349,timezone,negative
FB-02350,slack_integration,neutral
FB-02351,notifications,negative
FB-02352,export_reporting,neutral
FB-02353,export_reporting,neutral
FB-02354,onboarding,negative
FB-02355,praise,positive
FB-02356,calendar_sync,negative
FB-02357,calendar_sync,negative
FB-02358,mobile_performance,negative
FB-02359,mobile_performance,negative
FB-02360,mobile_performance,negative
FB-02361,mobile_performance,negative
FB-02362,mobile_performance,negative
FB-02363,mobile_performance,negative
FB-02364,sso_saml,neutral
FB-02365,sso_saml,neutral
FB-02366,pricing,negative
FB-02367,pricing,negative
FB-02368,timezone,negative
FB-02369,slack_integration,neutral
FB-02370,export_reporting,neutral
FB-02371,praise,positive
FB-02372,praise,positive
FB-02373,calendar_sync,negative
FB-02374,mobile_performance,negative
FB-02375,mobile_performance,negative
FB-02376,mobile_performance,negative
FB-02377,mobile_performance,negative
FB-02378,dark_mode,neutral
FB-02379,sso_saml,neutral
FB-02380,sso_saml,neutral
FB-02381,pricing,negative
FB-02382,timezone,negative
FB-02383,notifications,negative
FB-02384,notifications,negative
FB-02385,notifications,negative
FB-02386,notifications,negative
FB-02387,export_reporting,neutral
FB-02388,export_reporting,neutral
FB-02389,praise,positive
FB-02390,mobile_performance,negative
FB-02391,mobile_performance,negative
FB-02392,mobile_performance,negative
FB-02393,mobile_performance,negative
FB-02394,dark_mode,neutral
FB-02395,dark_mode,neutral
FB-02396,dark_mode,neutral
FB-02397,dark_mode,neutral
FB-02398,pricing,negative
FB-02399,pricing,negative
FB-02400,pricing,negative
FB-02401,slack_integration,neutral
FB-02402,slack_integration,neutral
FB-02403,notifications,negative
FB-02404,notifications,negative
FB-02405,notifications,negative
FB-02406,export_reporting,neutral
FB-02407,export_reporting,neutral
FB-02408,export_reporting,neutral
FB-02409,onboarding,negative
FB-02410,onboarding,negative
FB-02411,recurring_events,negative
FB-02412,praise,positive
FB-02413,praise,positive
FB-02414,praise,positive
FB-02415,praise,positive
FB-02416,dark_mode,neutral
FB-02417,sso_saml,neutral
FB-02418,pricing,negative
FB-02419,slack_integration,neutral
FB-02420,slack_integration,neutral
FB-02421,notifications,negative
FB-02422,onboarding,negative
FB-02423,praise,positive
FB-02424,calendar_sync,negative
FB-02425,mobile_performance,negative
FB-02426,dark_mode,neutral
FB-02427,dark_mode,neutral
FB-02428,pricing,negative
FB-02429,pricing,negative
FB-02430,timezone,negative
FB-02431,timezone,negative
FB-02432,slack_integration,neutral
FB-02433,praise,positive
FB-02434,praise,positive
FB-02435,calendar_sync,negative
FB-02436,calendar_sync,negative
FB-02437,mobile_performance,negative
FB-02438,mobile_performance,negative
FB-02439,mobile_performance,negative
FB-02440,dark_mode,neutral
FB-02441,dark_mode,neutral
FB-02442,dark_mode,neutral
FB-02443,pricing,negative
FB-02444,pricing,negative
FB-02445,pricing,negative
FB-02446,pricing,negative
FB-02447,pricing,negative
FB-02448,pricing,negative
FB-02449,timezone,negative
FB-02450,slack_integration,neutral
FB-02451,notifications,negative
FB-02452,notifications,negative
FB-02453,export_reporting,neutral
FB-02454,onboarding,negative
FB-02455,recurring_events,negative
FB-02456,praise,positive
FB-02457,praise,positive
FB-02458,praise,positive
FB-02459,mobile_performance,negative
FB-02460,mobile_performance,negative
FB-02461,mobile_performance,negative
FB-02462,dark_mode,neutral
FB-02463,dark_mode,neutral
FB-02464,sso_saml,neutral
FB-02465,sso_saml,neutral
FB-02466,pricing,negative
FB-02467,pricing,negative
FB-02468,timezone,negative
FB-02469,timezone,negative
FB-02470,slack_integration,neutral
FB-02471,slack_integration,neutral
FB-02472,slack_integration,neutral
FB-02473,slack_integration,neutral
FB-02474,notifications,negative
FB-02475,recurring_events,negative
FB-02476,praise,positive
FB-02477,praise,positive
FB-02478,calendar_sync,negative
FB-02479,calendar_sync,negative
FB-02480,calendar_sync,negative
FB-02481,mobile_performance,negative
FB-02482,pricing,negative
FB-02483,pricing,negative
FB-02484,slack_integration,neutral
FB-02485,notifications,negative
FB-02486,notifications,negative
FB-02487,export_reporting,neutral
FB-02488,export_reporting,neutral
FB-02489,praise,positive
FB-02490,praise,positive
FB-02491,calendar_sync,negative
FB-02492,mobile_performance,negative
FB-02493,mobile_performance,negative
FB-02494,mobile_performance,negative
FB-02495,mobile_performance,negative
FB-02496,mobile_performance,negative
FB-02497,mobile_performance,negative
FB-02498,dark_mode,neutral
FB-02499,pricing,negative
FB-02500,pricing,negative
FB-02501,pricing,negative
FB-02502,timezone,negative
FB-02503,timezone,negative
FB-02504,slack_integration,neutral
FB-02505,slack_integration,neutral
FB-02506,notifications,negative
FB-02507,export_reporting,neutral
FB-02508,export_reporting,neutral
FB-02509,onboarding,negative
FB-02510,onboarding,negative
FB-02511,praise,positive
FB-02512,praise,positive
FB-02513,mobile_performance,negative
FB-02514,dark_mode,neutral
FB-02515,dark_mode,neutral
FB-02516,dark_mode,neutral
FB-02517,dark_mode,neutral
FB-02518,sso_saml,neutral
FB-02519,sso_saml,neutral
FB-02520,pricing,negative
FB-02521,pricing,negative
FB-02522,pricing,negative
FB-02523,timezone,negative
FB-02524,slack_integration,neutral
FB-02525,notifications,negative
FB-02526,notifications,negative
FB-02527,notifications,negative
FB-02528,export_reporting,neutral
FB-02529,onboarding,negative
FB-02530,onboarding,negative
FB-02531,onboarding,negative
FB-02532,onboarding,negative
FB-02533,recurring_events,negative
FB-02534,praise,positive
FB-02535,praise,positive
FB-02536,mobile_performance,negative
FB-02537,dark_mode,neutral
FB-02538,sso_saml,neutral
FB-02539,slack_integration,neutral
FB-02540,notifications,negative
FB-02541,recurring_events,negative
FB-02542,mobile_performance,negative
FB-02543,dark_mode,neutral
FB-02544,pricing,negative
FB-02545,timezone,negative
FB-02546,onboarding,negative
FB-02547,praise,positive
FB-02548,praise,positive
FB-02549,mobile_performance,negative
FB-02550,mobile_performance,negative
FB-02551,dark_mode,neutral
FB-02552,dark_mode,neutral
FB-02553,dark_mode,neutral
FB-02554,sso_saml,neutral
FB-02555,sso_saml,neutral
FB-02556,pricing,negative
FB-02557,slack_integration,neutral
FB-02558,slack_integration,neutral
FB-02559,slack_integration,neutral
FB-02560,notifications,negative
FB-02561,notifications,negative
FB-02562,export_reporting,neutral
FB-02563,onboarding,negative
FB-02564,onboarding,negative
FB-02565,calendar_sync,negative
FB-02566,calendar_sync,negative
FB-02567,mobile_performance,negative
FB-02568,mobile_performance,negative
FB-02569,mobile_performance,negative
FB-02570,dark_mode,neutral
FB-02571,dark_mode,neutral
FB-02572,dark_mode,neutral
FB-02573,dark_mode,neutral
FB-02574,sso_saml,neutral
FB-02575,pricing,negative
FB-02576,pricing,negative
FB-02577,pricing,negative
FB-02578,pricing,negative
FB-02579,timezone,negative
FB-02580,notifications,negative
FB-02581,notifications,negative
FB-02582,notifications,negative
FB-02583,notifications,negative
FB-02584,notifications,negative
FB-02585,notifications,negative
FB-02586,recurring_events,negative
FB-02587,praise,positive
FB-02588,praise,positive
FB-02589,mobile_performance,negative
FB-02590,dark_mode,neutral
FB-02591,dark_mode,neutral
FB-02592,sso_saml,neutral
FB-02593,sso_saml,neutral
FB-02594,pricing,negative
FB-02595,pricing,negative
FB-02596,pricing,negative
FB-02597,notifications,negative
FB-02598,notifications,negative
FB-02599,export_reporting,neutral
FB-02600,onboarding,negative
FB-02601,praise,positive
FB-02602,praise,positive
FB-02603,praise,positive
FB-02604,mobile_performance,negative
FB-02605,mobile_performance,negative
FB-02606,mobile_performance,negative
FB-02607,dark_mode,neutral
FB-02608,dark_mode,neutral
FB-02609,pricing,negative
FB-02610,timezone,negative
FB-02611,slack_integration,neutral
FB-02612,slack_integration,neutral
FB-02613,slack_integration,neutral
FB-02614,slack_integration,neutral
FB-02615,notifications,negative
FB-02616,export_reporting,neutral
FB-02617,praise,positive
FB-02618,calendar_sync,negative
FB-02619,calendar_sync,negative
FB-02620,mobile_performance,negative
FB-02621,dark_mode,neutral
FB-02622,dark_mode,neutral
FB-02623,dark_mode,neutral
FB-02624,dark_mode,neutral
FB-02625,pricing,negative
FB-02626,pricing,negative
FB-02627,timezone,negative
FB-02628,slack_integration,neutral
FB-02629,slack_integration,neutral
FB-02630,notifications,negative
FB-02631,export_reporting,neutral
FB-02632,export_reporting,neutral
FB-02633,onboarding,negative
FB-02634,praise,positive
FB-02635,praise,positive
FB-02636,praise,positive
FB-02637,mobile_performance,negative
FB-02638,dark_mode,neutral
FB-02639,dark_mode,neutral
FB-02640,dark_mode,neutral
FB-02641,timezone,negative
FB-02642,timezone,negative
FB-02643,export_reporting,neutral
FB-02644,calendar_sync,negative
FB-02645,mobile_performance,negative
FB-02646,mobile_performance,negative
FB-02647,mobile_performance,negative
FB-02648,dark_mode,neutral
FB-02649,dark_mode,neutral
FB-02650,pricing,negative
FB-02651,pricing,negative
FB-02652,notifications,negative
FB-02653,recurring_events,negative
FB-02654,praise,positive
FB-02655,praise,positive
FB-02656,praise,positive
FB-02657,praise,positive
FB-02658,calendar_sync,negative
FB-02659,calendar_sync,negative
FB-02660,calendar_sync,negative
FB-02661,calendar_sync,negative
FB-02662,mobile_performance,negative
FB-02663,mobile_performance,negative
FB-02664,mobile_performance,negative
FB-02665,mobile_performance,negative
FB-02666,mobile_performance,negative
FB-02667,dark_mode,neutral
FB-02668,dark_mode,neutral
FB-02669,dark_mode,neutral
FB-02670,dark_mode,neutral
FB-02671,dark_mode,neutral
FB-02672,dark_mode,neutral
FB-02673,sso_saml,neutral
FB-02674,sso_saml,neutral
FB-02675,pricing,negative
FB-02676,timezone,negative
FB-02677,slack_integration,neutral
FB-02678,slack_integration,neutral
FB-02679,slack_integration,neutral
FB-02680,notifications,negative
FB-02681,notifications,negative
FB-02682,export_reporting,neutral
FB-02683,export_reporting,neutral
FB-02684,onboarding,negative
FB-02685,recurring_events,negative
FB-02686,praise,positive
FB-02687,praise,positive
FB-02688,praise,positive
FB-02689,praise,positive
FB-02690,mobile_performance,negative
FB-02691,dark_mode,neutral
FB-02692,dark_mode,neutral
FB-02693,dark_mode,neutral
FB-02694,dark_mode,neutral
FB-02695,sso_saml,neutral
FB-02696,pricing,negative
FB-02697,pricing,negative
FB-02698,pricing,negative
FB-02699,timezone,negative
FB-02700,notifications,negative
FB-02701,export_reporting,neutral
FB-02702,export_reporting,neutral
FB-02703,onboarding,negative
FB-02704,recurring_events,negative
FB-02705,praise,positive
FB-02706,praise,positive
FB-02707,dark_mode,neutral
FB-02708,dark_mode,neutral
FB-02709,pricing,negative
FB-02710,pricing,negative
FB-02711,pricing,negative
FB-02712,pricing,negative
FB-02713,notifications,negative
FB-02714,export_reporting,neutral
FB-02715,export_reporting,neutral
FB-02716,export_reporting,neutral
FB-02717,praise,positive
FB-02718,praise,positive
FB-02719,praise,positive
FB-02720,praise,positive
FB-02721,praise,positive
FB-02722,calendar_sync,negative
FB-02723,mobile_performance,negative
FB-02724,mobile_performance,negative
FB-02725,mobile_performance,negative
FB-02726,dark_mode,neutral
FB-02727,dark_mode,neutral
FB-02728,dark_mode,neutral
FB-02729,pricing,negative
FB-02730,pricing,negative
FB-02731,pricing,negative
FB-02732,timezone,negative
FB-02733,slack_integration,neutral
FB-02734,slack_integration,neutral
FB-02735,slack_integration,neutral
FB-02736,slack_integration,neutral
FB-02737,export_reporting,neutral
FB-02738,praise,positive
FB-02739,calendar_sync,negative
FB-02740,mobile_performance,negative
FB-02741,mobile_performance,negative
FB-02742,mobile_performance,negative
FB-02743,sso_saml,neutral
FB-02744,pricing,negative
FB-02745,pricing,negative
FB-02746,timezone,negative
FB-02747,slack_integration,neutral
FB-02748,slack_integration,neutral
FB-02749,slack_integration,neutral
FB-02750,notifications,negative
FB-02751,notifications,negative
FB-02752,export_reporting,neutral
FB-02753,onboarding,negative
FB-02754,praise,positive
FB-02755,pricing,negative
FB-02756,pricing,negative
FB-02757,notifications,negative
FB-02758,notifications,negative
FB-02759,praise,positive
FB-02760,praise,positive
FB-02761,praise,positive
FB-02762,mobile_performance,negative
FB-02763,mobile_performance,negative
FB-02764,dark_mode,neutral
FB-02765,sso_saml,neutral
FB-02766,sso_saml,neutral
FB-02767,pricing,negative
FB-02768,pricing,negative
FB-02769,timezone,negative
FB-02770,timezone,negative
FB-02771,timezone,negative
FB-02772,notifications,negative
FB-02773,recurring_events,negative
FB-02774,praise,positive
FB-02775,praise,positive
FB-02776,praise,positive
FB-02777,calendar_sync,negative
FB-02778,mobile_performance,negative
FB-02779,mobile_performance,negative
FB-02780,mobile_performance,negative
FB-02781,dark_mode,neutral
FB-02782,dark_mode,neutral
FB-02783,pricing,negative
FB-02784,pricing,negative
FB-02785,pricing,negative
FB-02786,pricing,negative
FB-02787,timezone,negative
FB-02788,slack_integration,neutral
FB-02789,slack_integration,neutral
FB-02790,slack_integration,neutral
FB-02791,slack_integration,neutral
FB-02792,notifications,negative
FB-02793,notifications,negative
FB-02794,onboarding,negative
FB-02795,recurring_events,negative
FB-02796,recurring_events,negative
FB-02797,recurring_events,negative
FB-02798,praise,positive
FB-02799,praise,positive
FB-02800,calendar_sync,negative
FB-02801,mobile_performance,negative
FB-02802,dark_mode,neutral
FB-02803,dark_mode,neutral
FB-02804,dark_mode,neutral
FB-02805,dark_mode,neutral
FB-02806,dark_mode,neutral
FB-02807,sso_saml,neutral
FB-02808,pricing,negative
FB-02809,timezone,negative
FB-02810,timezone,negative
FB-02811,slack_integration,neutral
FB-02812,slack_integration,neutral
FB-02813,slack_integration,neutral
FB-02814,export_reporting,neutral
FB-02815,export_reporting,neutral
FB-02816,export_reporting,neutral
FB-02817,onboarding,negative
FB-02818,recurring_events,negative
FB-02819,praise,positive
FB-02820,praise,positive
FB-02821,praise,positive
FB-02822,mobile_performance,negative
FB-02823,dark_mode,neutral
FB-02824,dark_mode,neutral
FB-02825,dark_mode,neutral
FB-02826,sso_saml,neutral
FB-02827,pricing,negative
FB-02828,slack_integration,neutral
FB-02829,notifications,negative
FB-02830,notifications,negative
FB-02831,export_reporting,neutral
FB-02832,onboarding,negative
FB-02833,recurring_events,negative
FB-02834,recurring_events,negative
FB-02835,praise,positive
FB-02836,praise,positive
FB-02837,praise,positive
FB-02838,calendar_sync,negative
FB-02839,calendar_sync,negative
FB-02840,calendar_sync,negative
FB-02841,calendar_sync,negative
FB-02842,mobile_performance,negative
FB-02843,mobile_performance,negative
FB-02844,mobile_performance,negative
FB-02845,mobile_performance,negative
FB-02846,dark_mode,neutral
FB-02847,dark_mode,neutral
FB-02848,dark_mode,neutral
FB-02849,dark_mode,neutral
FB-02850,dark_mode,neutral
FB-02851,sso_saml,neutral
FB-02852,sso_saml,neutral
FB-02853,pricing,negative
FB-02854,pricing,negative
FB-02855,slack_integration,neutral
FB-02856,notifications,negative
FB-02857,notifications,negative
FB-02858,export_reporting,neutral
FB-02859,recurring_events,negative
FB-02860,recurring_events,negative
FB-02861,recurring_events,negative
FB-02862,praise,positive
FB-02863,praise,positive
FB-02864,praise,positive
FB-02865,praise,positive
FB-02866,praise,positive
FB-02867,mobile_performance,negative
FB-02868,mobile_performance,negative
FB-02869,mobile_performance,negative
FB-02870,dark_mode,neutral
FB-02871,dark_mode,neutral
FB-02872,sso_saml,neutral
FB-02873,pricing,negative
FB-02874,pricing,negative
FB-02875,timezone,negative
FB-02876,timezone,negative
FB-02877,notifications,negative
FB-02878,notifications,negative
FB-02879,notifications,negative
FB-02880,recurring_events,negative
FB-02881,praise,positive
FB-02882,praise,positive
FB-02883,praise,positive
FB-02884,praise,positive
FB-02885,praise,positive
FB-02886,mobile_performance,negative
FB-02887,mobile_performance,negative
FB-02888,dark_mode,neutral
FB-02889,timezone,negative
FB-02890,slack_integration,neutral
FB-02891,notifications,negative
FB-02892,notifications,negative
FB-02893,notifications,negative
FB-02894,recurring_events,negative
FB-02895,recurring_events,negative
FB-02896,calendar_sync,negative
FB-02897,mobile_performance,negative
FB-02898,dark_mode,neutral
FB-02899,dark_mode,neutral
FB-02900,dark_mode,neutral
FB-02901,pricing,negative
FB-02902,timezone,negative
FB-02903,timezone,negative
FB-02904,slack_integration,neutral
FB-02905,export_reporting,neutral
FB-02906,onboarding,negative
FB-02907,recurring_events,negative
FB-02908,calendar_sync,negative
FB-02909,mobile_performance,negative
FB-02910,dark_mode,neutral
FB-02911,dark_mode,neutral
FB-02912,timezone,negative
FB-02913,timezone,negative
FB-02914,notifications,negative
FB-02915,export_reporting,neutral
FB-02916,recurring_events,negative
FB-02917,recurring_events,negative
FB-02918,praise,positive
FB-02919,praise,positive
FB-02920,praise,positive
FB-02921,calendar_sync,negative
FB-02922,mobile_performance,negative
FB-02923,mobile_performance,negative
FB-02924,mobile_performance,negative
FB-02925,mobile_performance,negative
FB-02926,mobile_performance,negative
FB-02927,mobile_performance,negative
FB-02928,dark_mode,neutral
FB-02929,dark_mode,neutral
FB-02930,dark_mode,neutral
FB-02931,sso_saml,neutral
FB-02932,pricing,negative
FB-02933,pricing,negative
FB-02934,timezone,negative
FB-02935,notifications,negative
FB-02936,onboarding,negative
FB-02937,recurring_events,negative
FB-02938,recurring_events,negative
FB-02939,recurring_events,negative
FB-02940,recurring_events,negative
FB-02941,praise,positive
FB-02942,praise,positive
FB-02943,praise,positive
FB-02944,praise,positive
FB-02945,calendar_sync,negative
FB-02946,mobile_performance,negative
FB-02947,mobile_performance,negative
FB-02948,mobile_performance,negative
FB-02949,mobile_performance,negative
FB-02950,dark_mode,neutral
FB-02951,dark_mode,neutral
FB-02952,dark_mode,neutral
FB-02953,pricing,negative
FB-02954,pricing,negative
FB-02955,pricing,negative
FB-02956,timezone,negative
FB-02957,timezone,negative
FB-02958,slack_integration,neutral
FB-02959,slack_integration,neutral
FB-02960,slack_integration,neutral
FB-02961,notifications,negative
FB-02962,notifications,negative
FB-02963,export_reporting,neutral
FB-02964,export_reporting,neutral
FB-02965,export_reporting,neutral
FB-02966,praise,positive
FB-02967,praise,positive
FB-02968,praise,positive
FB-02969,calendar_sync,negative
FB-02970,mobile_performance,negative
FB-02971,mobile_performance,negative
FB-02972,mobile_performance,negative
FB-02973,dark_mode,neutral
FB-02974,dark_mode,neutral
FB-02975,dark_mode,neutral
FB-02976,dark_mode,neutral
FB-02977,dark_mode,neutral
FB-02978,dark_mode,neutral
FB-02979,pricing,negative
FB-02980,pricing,negative
FB-02981,pricing,negative
FB-02982,pricing,negative
FB-02983,timezone,negative
FB-02984,timezone,negative
FB-02985,timezone,negative
FB-02986,timezone,negative
FB-02987,timezone,negative
FB-02988,slack_integration,neutral
FB-02989,slack_integration,neutral
FB-02990,notifications,negative
FB-02991,notifications,negative
FB-02992,export_reporting,neutral
FB-02993,onboarding,negative
FB-02994,recurring_events,negative
FB-02995,praise,positive
FB-02996,praise,positive
FB-02997,calendar_sync,negative
FB-02998,mobile_performance,negative
FB-02999,mobile_performance,negative
FB-03000,mobile_performance,negative
FB-03001,dark_mode,neutral
FB-03002,dark_mode,neutral
FB-03003,dark_mode,neutral
FB-03004,dark_mode,neutral
FB-03005,dark_mode,neutral
FB-03006,dark_mode,neutral
FB-03007,timezone,negative
FB-03008,slack_integration,neutral
FB-03009,notifications,negative
FB-03010,notifications,negative
FB-03011,notifications,negative
FB-03012,export_reporting,neutral
FB-03013,export_reporting,neutral
FB-03014,praise,positive
FB-03015,mobile_performance,negative
FB-03016,mobile_performance,negative
FB-03017,mobile_performance,negative
FB-03018,timezone,negative
FB-03019,timezone,negative
FB-03020,recurring_events,negative
FB-03021,praise,positive
FB-03022,praise,positive
FB-03023,pricing,negative
FB-03024,timezone,negative
FB-03025,slack_integration,neutral
FB-03026,notifications,negative
FB-03027,export_reporting,neutral
FB-03028,onboarding,negative
FB-03029,praise,positive
FB-03030,mobile_performance,negative
FB-03031,mobile_performance,negative
FB-03032,mobile_performance,negative
FB-03033,dark_mode,neutral
FB-03034,dark_mode,neutral
FB-03035,dark_mode,neutral
FB-03036,dark_mode,neutral
FB-03037,dark_mode,neutral
FB-03038,dark_mode,neutral
FB-03039,dark_mode,neutral
FB-03040,sso_saml,neutral
FB-03041,pricing,negative
FB-03042,pricing,negative
FB-03043,pricing,negative
FB-03044,slack_integration,neutral
FB-03045,slack_integration,neutral
FB-03046,slack_integration,neutral
FB-03047,notifications,negative
FB-03048,export_reporting,neutral
FB-03049,export_reporting,neutral
FB-03050,export_reporting,neutral
FB-03051,onboarding,negative
FB-03052,recurring_events,negative
FB-03053,recurring_events,negative
FB-03054,praise,positive
FB-03055,mobile_performance,negative
FB-03056,mobile_performance,negative
FB-03057,dark_mode,neutral
FB-03058,dark_mode,neutral
FB-03059,dark_mode,neutral
FB-03060,dark_mode,neutral
FB-03061,dark_mode,neutral
FB-03062,sso_saml,neutral
FB-03063,pricing,negative
FB-03064,timezone,negative
FB-03065,notifications,negative
FB-03066,notifications,negative
FB-03067,notifications,negative
FB-03068,onboarding,negative
FB-03069,praise,positive
FB-03070,praise,positive
FB-03071,mobile_performance,negative
FB-03072,mobile_performance,negative
FB-03073,mobile_performance,negative
FB-03074,mobile_performance,negative
FB-03075,mobile_performance,negative
FB-03076,dark_mode,neutral
FB-03077,sso_saml,neutral
FB-03078,pricing,negative
FB-03079,pricing,negative
FB-03080,pricing,negative
FB-03081,pricing,negative
FB-03082,timezone,negative
FB-03083,slack_integration,neutral
FB-03084,slack_integration,neutral
FB-03085,notifications,negative
FB-03086,notifications,negative
FB-03087,export_reporting,neutral
FB-03088,onboarding,negative
FB-03089,onboarding,negative
FB-03090,onboarding,negative
FB-03091,onboarding,negative
FB-03092,recurring_events,negative
FB-03093,praise,positive
FB-03094,praise,positive
FB-03095,praise,positive
FB-03096,mobile_performance,negative
FB-03097,dark_mode,neutral
FB-03098,dark_mode,neutral
FB-03099,dark_mode,neutral
FB-03100,dark_mode,neutral
FB-03101,dark_mode,neutral
FB-03102,sso_saml,neutral
FB-03103,pricing,negative
FB-03104,pricing,negative
FB-03105,pricing,negative
FB-03106,pricing,negative
FB-03107,pricing,negative
FB-03108,timezone,negative
FB-03109,slack_integration,neutral
FB-03110,notifications,negative
FB-03111,notifications,negative
FB-03112,notifications,negative
FB-03113,notifications,negative
FB-03114,notifications,negative
FB-03115,export_reporting,neutral
FB-03116,export_reporting,neutral
FB-03117,onboarding,negative
FB-03118,recurring_events,negative
FB-03119,recurring_events,negative
FB-03120,praise,positive
FB-03121,praise,positive
FB-03122,praise,positive
FB-03123,calendar_sync,negative
FB-03124,mobile_performance,negative
FB-03125,mobile_performance,negative
FB-03126,mobile_performance,negative
FB-03127,mobile_performance,negative
FB-03128,dark_mode,neutral
FB-03129,dark_mode,neutral
FB-03130,dark_mode,neutral
FB-03131,dark_mode,neutral
FB-03132,dark_mode,neutral
FB-03133,dark_mode,neutral
FB-03134,dark_mode,neutral
FB-03135,sso_saml,neutral
FB-03136,pricing,negative
FB-03137,pricing,negative
FB-03138,slack_integration,neutral
FB-03139,slack_integration,neutral
FB-03140,notifications,negative
FB-03141,export_reporting,neutral
FB-03142,onboarding,negative
FB-03143,onboarding,negative
FB-03144,recurring_events,negative
FB-03145,praise,positive
FB-03146,praise,positive
FB-03147,praise,positive
FB-03148,calendar_sync,negative
FB-03149,mobile_performance,negative
FB-03150,mobile_performance,negative
FB-03151,dark_mode,neutral
FB-03152,dark_mode,neutral
FB-03153,pricing,negative
FB-03154,export_reporting,neutral
FB-03155,praise,positive
FB-03156,praise,positive
FB-03157,praise,positive
FB-03158,mobile_performance,negative
FB-03159,mobile_performance,negative
FB-03160,pricing,negative
FB-03161,slack_integration,neutral
FB-03162,notifications,negative
FB-03163,notifications,negative
FB-03164,export_reporting,neutral
FB-03165,export_reporting,neutral
FB-03166,recurring_events,negative
FB-03167,recurring_events,negative
FB-03168,recurring_events,negative
FB-03169,praise,positive
FB-03170,praise,positive
